Brand,Nama Product,Category,SkinType,Ingredients,Berat, Price ,Link
The Originote,The OriginoteCicamide Facial Cleanser,Facewash,All Skin Type,"Water, cocamidopropyl betaine, peg-90 glyceryl isostearate, sodium laureth sulfate, glycerin, sodium chloride, sodium methyl cocoyl taurate, phenoxyethanol, laureth-2, methylparaben, niacinamide, butylene glycol, ethylhexylglycerin, propylene glycol, centella asiatica extract, caprylic/capric triglyceride, hydrogenated lecithin, hexylene glycol, stearic acid, cholesterol, ceramide NP",70gram," Rp 23,000.00 ",https://shopee.co.id/The-Originote-Cicamide-Facial-Cleanser-Face-Wash-Facial-Wash-Sabun-Cuci-Muka-Mencerahkan-dan-Melembabkan-Wajah-with-Ceramide-Niacinamide-i.710619388.20826474418?sp_atk=c5c669a1-0813-4fec-ad53-ad7f943fdef5&xptdk=c5c669a1-0813-4fec-ad53-ad7f943fdef5
Glad2Glow,Glad2Glow Milk Amino Acid Gentle Cleanser Face Wash,Facewash,All Skin Type,"Aqua, Potassium Palm Kernelate, Potassium Cocoate, Potassium Cocoyl Glycinate, Sodium Cocoyl Glycinate, Lauryl Hydroxysultaine, Milk Protein Extract, Glycol Distearate, Niacinamide, Arginine, Ceramide EOP, Ceramide NS, Ceramide NP, Ceramide AS, Ceramide AP, Propylene Glycol, Potassium Palmitate, Sodium Methyl Lauroyl Taurate, Sodium Chloride, Hydroxypropyl Methylcellulose, Polyquaternium-43, Polyquaternium-7, Stearic Acid, Hydroxystearic Acid, Methylparaben, Propylparaben, Sodium Benzoate, Aroma",80ml," Rp 41,900.00 ",https://shopee.co.id/Glad2Glow-Milk-Amino-Acid-Gentle-Cleanser-Brightening-Face-Wash-80ml-Sabun-Cuci-Muka-Pembersih-Wajah-Facial-Cleanser-Face-Wash-Foam-Sabun-Muka-Acne-Cleanser-Micellar-Cleansing-i.809769142.22355348169?sp_atk=2f0ae31e-8aaf-4963-9e19-fd3763231f2e&xptdk=2f0ae31e-8aaf-4963-9e19-fd3763231f2e
Whitelab,Whitelab Brightening Facial Wash,Facewash,Acne,"Aqua, Palmitic Acid, Glycerin, Lauric Acid, Sodium Laureth Sulfate, Potassium Hydroxide, Stearic Acid, Cocamide DEA, Propylene Glycol, Glycol Distearate, Disodium Cocoyl Glutamate, Sodium Chloride, Parfum, Cocamidopropyl Betaine, DMDM Hydantoin, Licorice Glycyrrhiza Glabra Extract, Niacinamide, Allantoin, Collagen, Polyquaternium-7, Tetrasodium EDTA",100gram," Rp 28,900.00 ",https://shopee.co.id/Whitelab-Acne-Care-Facial-Wash-Sabun-Cuci-Muka-Untuk-Kulit-Jerawat-Kontrol-Minyak-Berlebih-Anti-Bakteri-Dengan-Mugwort-Tea-Tree-BHA-BPOM--i.201071840.17758214991?sp_atk=d2b06c4c-7f47-46f7-a21c-6f979d7f0c0b&xptdk=d2b06c4c-7f47-46f7-a21c-6f979d7f0c0b
HADA LABO,HADA LABO Gokujyun Ultimate Moisturizing Face Wash,Facewash,All Skin Type,"Aqua, Glycerin, Sodium Cocoyl Glycinate, Butylene Glycol, Hydroxypropyl Starch Phosphate, Cocamidopropyl Betaine, PEG-400, Decyl Stearate Se, Sodium Stearoyl Glutamate, Citric Acid, Lauric Acid, Stearic Acid, Methylparaben, PEG-32, BHT, Disodium EDTA, Propylparaben, Polyquaternium-7, Polyquaternium-52, Hydroxypropyl Methylcellulose, Hydroxypropyltrimonium Hyaluronate, Sodium Acetylated Hyaluronate",100gram," Rp 34,500.00 ",https://shopee.co.id/Hada-Labo-Ultimate-Moisturizing-Face-Wash-100gr-i.30736001.602603312?sp_atk=abb27385-73a5-4524-a0a0-9c2a1bd99e32&xptdk=abb27385-73a5-4524-a0a0-9c2a1bd99e32
WARDAH,Wardah Nature Daily Aloe Hydramild Facial Wash,Facewash,All Skin Type,"Aqua, Acrylates Copolymer, Cocamidopropyl Betaine, Propylene Glycol, Glycerin, Sodium Lauroyl Sarcosinate, Decyl Glucoside, Sodium PCA, Potassium Cocoyl Glycinate, Sodium Laureth Sulfate, Potassium Cocoate, Sodium Chloride, Phenoxyethanol, Sodium Hydroxide, Dmdm Hydantoin, Ethylhexylglycerin, Disodium EDTA, Aloe Barbadensis (Aloe Vera) Leaf Extract, Potassium Sorbate, Sodium Benzoate",60ml," Rp 20,500.00 ",https://shopee.co.id/Wardah-Nature-Daily-Aloe-Hydramild-Facial-Wash-60ml-100ml-Gel-Pembersih-Wajah-i.940220394.20476956625?sp_atk=346b2870-d044-4095-9f6e-5c830c936d5d&xptdk=346b2870-d044-4095-9f6e-5c830c936d5d
Himalaya,Himalaya Aloe Vera Face Wash,Facewash,All Skin Type,"Aqua, Ammonium Cocamidopropyl Betaine, Glycerin, Methylchloroisothiazolinone & Methylisothiazolinone, Glycol Stearate, Cucumis Sativus Fruit Extract, Fragrance, Phenoxyethanol, Glyceryl Stearate & PEG-100 Stearate, Aloe Barbadensis Leaf Extract, Cetyl Alcohol, Cetearyl Alcohol, Coco-Glucoside and Glyceryl Oleate, Sodium Lauroyl Sarcosinate, Menthol, Xanthan Gum, Stearic Acid, Tocopherol, Lauryl Sulfate, Disodium EDTA, CI 19140, CI 42053.",50ml," Rp 24,218.00 ",https://shopee.co.id/Himalaya-Aloe-Vera-Face-Wash-50ml-Sabun-Cuci-Muka-Pembersih-Lidah-Buaya-i.118965385.22645305327?sp_atk=0b545a83-84d3-4b98-916d-2577437417c4&xptdk=0b545a83-84d3-4b98-916d-2577437417c4
Cetaphil,Cetaphil Gentle Skin Cleanser,Facewash,All Skin Type,"Water, Glycerin, Cetearyl Alcohol, Panthenol, Niacinamide, Pantolactone, Xanthan Gum, Sodium Cocoyl Isethionate, Sodium Benzoate, Citric Acid",59ml," Rp 41,900.00 ",https://shopee.co.id/Cetaphil-Gentle-Skin-Cleanser-59ml-dengan-Niacinamide-Glycerin-dan-Panthenol-Sabun-Pembersih-Muka-Untuk-Segala-Jenis-Kulit-i.11277516.519802830?sp_atk=30605a67-4910-408a-bbd0-4bf560cf9631&xptdk=30605a67-4910-408a-bbd0-4bf560cf9631
SENKA,SENKA Perfect Whip Gentle Rose Facial Foam,Facewash,All Skin Type,"Water, Glycerin, Stearic Acid, Myristic Acid, Potassium Hydroxide, Lauric Acid, PEG-8, Sodium Methyl Cocoyl Taurate, PEG-5 Glyceryl Stearate, Polyquaternium-7, Acrylates Copolymer, Parfum, Disodium EDTA, Sodium Citrate, Sodium Benzoate, Algin, Sodium Metabisulfite, Sodium Lauryl Sulfate, Phenoxyethanol, Caprylyl Glycol, Carrageenan, Calcium Chloride, Red 30 (Ci 73360), Rosa Damascena Flower Water, Bis-Ethoxydiglycol Cyclohexane 1,4-Dicarboxylate, Butylene Glycol, Yellow 6 (Ci 15985), Lauryl Glucoside, Sodium Acetylated Hyaluronate, Red 33 (Ci 17200), Prunus Speciosa Leaf Extract, Glycyrrhiza Glabra (Licorice) Root Extract, Sodium Hyaluronate, Yellow 10 (Ci 47005), Sericin, Citric Acid, Potassium Sorbate, Tocopherol",100gram," Rp 63,000.00 ",https://shopee.co.id/SENKA-Perfect-Whip-Gentle-Rose-Facial-Foam-(Mencerahkan-dan-Melembapkan-Kulit-Wajah)-100gr-i.138850166.22872613710
L’Oreal Paris,L’Oreal Paris Classic Extraordinary Whip,Facewash,All Skin Type,"Aqua / Water, Bifida Ferment Lysate, Glycerin, Alcohol Denate., Dimethicone, Hydroxyethylpiperazine Ethane Sulfonic Acid, Peg-20 Methyl Glucose Sesquistearate, Sodium Hyaluronate, Salicyloyl Phytosphingosine, Palmitoyl Oligopeptide, Palmtoyl Tetrapeptide-7, Adenosine, Ammonium Polyarcryldimethyltauramide/Ammonium Polyacryloyldimethyl Taurate, Disodium Edta, Caprylyl Glycol, Citric Acid, Xanthan Gum, N-Hydroxysuccinimide, Chrysin, Octyldodecanol, Sodium Benzoate, Phenoxyethanol, Limonene, Parfum/Fragrance",100ml," Rp 72,400.00 ",https://shopee.co.id/L'Oreal-Paris-Aura-Perfect-Extraordinary-Whip-Foam-Cleanser-Skin-Care-100ml-i.62579622.1022922632?sp_atk=95b81b61-71c2-4c76-bc22-ed35e40b870a&xptdk=95b81b61-71c2-4c76-bc22-ed35e40b870a
Clean & Clear,Clean & Clear Foaming Face Wash,Facewash,Acne,"Water, Triethanolamine, Glycerin, Myristic Acid, Lauric Acid, Cocamidopropyl Betaine, Lauryl Phosphate, Hydroxypropyl Methylcellulose, Fragrance, Pentasodium Triphosphate, O-Cymen-5-Ol (Isopropyl Methtylphenol), Benzophenone-4, Butylated Hydroxytoluene",50ml," Rp 18,500.00 ",https://shopee.co.id/Clean-and-Clear-Foaming-Face-Wash-50ml-Sabun-Pembersih-Wajah-i.940220394.26954435410?sp_atk=31fe898f-81f8-4bf9-979a-66d7121b5a23&xptdk=31fe898f-81f8-4bf9-979a-66d7121b5a23
Garnier,Garnier Sensitive Anti-Acne Cleansing Gel,Facewash,Acne,"Aqua / Water, Sodium Laureth Sulfate, Peg-8, Coco-Betaine, Sodium Chloride, Alcohol, Caprylyl Glycol, Citric Acid, Hamamelis Virginiana Water / Witch Hazel Water, Hexylene Glycol, Maltodextrin, Peg-120 Methyl Glucose Dioleate, Phenoxyethanol, Salicylic Acid, Salix Alba Bark Extract / Willow Bark Extract, Sodium Benzoate, Sodium Hydroxide, Zinc Pca, Parfum/Fragrance",100ml," Rp 45,600.00 ",https://shopee.co.id/Garnier-Pure-Active-Sensitive-Anti-Acne-Cleanser-Foam-Gel-Skin-Care-100-ml-i.270965687.22803463239?sp_atk=8bc2f01a-c53e-48f3-86de-a96d3e8ea1d8&xptdk=8bc2f01a-c53e-48f3-86de-a96d3e8ea1d8
COSRX,COSRX Low pH Good Morning Gel Cleanser,Facewash,Normal,"Water, Cocamidopropyl Betaine, Sodium Lauroyl Methyl Isethionate, Polysorbate 20, Styrax Japonicus Branch/Fruit/Leaf Extract, Butylene Glycol, Saccharomyces Ferment, Cryptomeria Japonica Leaf Extract, Nelumbo Nucifera Leaf Extract, Pinus Palustris Leaf Extract, Ulmus Davidiana Root Extract, Oenothera Biennis (Evening Primrose) Flower Extract, Pueraria Lobata Root Extract, Melaleuca Alternifolia (Tea Tree) Leaf Oil, Allantoin, Caprylyl Glycol, Ethylhexylglycerin, Betaine Salicylate, Citric Acid, Ethyl Hexanediol, 1,2-Hexanediol, Trisodium Ethylenediamine Disuccinate, Sodium Benzoate, Disodium EDTA",50ml," Rp 45,900.00 ",https://shopee.co.id/COSRX-Low-pH-Good-Morning-Cleanser-50-ML-(Sabun-Wajah-Untuk-Semua-Jenis-Kulit)-Best-Seller-i.404429429.5389408407?sp_atk=37b088fa-5ff4-488d-b975-90a199e0b97f&xptdk=37b088fa-5ff4-488d-b975-90a199e0b97f
Innisfree,Innisfree Jeju Volcanic Pore Cleansing Foam,Facewash,Oily,"Water / Aqua / Eau, Glycerin, Myristic Acid, Lauric Acid, Potassium Hydroxide, Kaolin, Stearic Acid, Glyceryl Stearate, Lauryl Hydroxysultaine, Glycol Distearate, Palmitic Acid, Lauryl Glucoside, Polyquaternium-22, Fragrance / Parfum, Salicylic Acid, Silica, Onsen Sui, Zinc Pca, Volcanic Ash, Disodium Edta, Propanediol, Lactic Acid/Glycolic Acid Copolymer, 1,2-Hexanediol, Madecassoside, Polyquaternium-10, Ethylhexylglycerin",250gram," Rp 146,470.00 ",https://shopee.co.id/Innisfree-Volcanic-BHA-Pore-Cleansing-Foam-150gr-Sabun-Pembersih-Wajah-untuk-Kulit-Berminyak-i.61504589.1005261946?sp_atk=c89fc992-0f13-494a-81ff-024521e5df7f&xptdk=c89fc992-0f13-494a-81ff-024521e5df7f
The Body Shop, The Body Shop Seaweed Deep Cleansing Gel Wash,Facewash,Oily,"Aqua, Sodium Laureth Sulfate, Polysorbate 20, PEG-150 Distearate, Sodium Cocoamphoacetate, Cocamidopropyl Betaine, Phenoxyethanol, Citric Acid, Sodium Benzoate, Parfum/​Fragrance, Sodium Chloride, Butylene Glycol, Menthol, Trisodium Ethylenediamine Disuccinate, Aloe Barbadensis Leaf Juice Powder, Fucus Vesiculosus Extract, Linalool, Benzyl Salicylate, Benzyl Alcohol, Propylene Glycol, Sodium Hydroxide, Chondrus Crispus Extract",125ml," Rp 199,000.00 ",https://shopee.co.id/The-Body-Shop-Seaweed-Oil-Control-Facial-Wash-125Ml-i.28053737.383022238?sp_atk=07d7f023-ede7-455e-a01f-5fb2814ad01e&xptdk=07d7f023-ede7-455e-a01f-5fb2814ad01e
Sensatia Botanicals,Sensatia Botanicals Green Tea & Tamarind Facial Cleanser,Facewash,Sensitive,"Water (Aqua), Decyl Glucoside, Aloe Barbadensis (Aloe) Leaf Juice, Vegetable Glycerin, Xanthomonas Campestris (Xanthan) Gum, Sodium Citrate, Triticum Vulgare (Wheat) Germ Oil, Fragaria Vesca (Strawberry) Extract, Montmorillonite (Red Clay), Pelargonium Graveolens (Geranium) Oil, Tocopherol (Vitamin E), Citric Acid, Benzyl Alcohol & Benzoic Acid & Dehydroacetic Acid, *Citronellol, Citrus Medica Limonum (Lemon) Oil, Hibiscus Sabdariffa (Roselle) Flower Extract, *Limonene, *Geraniol, Pelargonium Asperum (Geranium) Extract, *Linalool, Rosa Damascena (Rose) Extract.",220ml," Rp 113,500.00 ",https://shopee.co.id/Sensatia-Botanicals-Cleopatra's-Rose-Facial-Cleanser-220mL-i.39248912.600559784?sp_atk=69d3e182-c213-43bd-a7d8-215ae2146e2d&xptdk=69d3e182-c213-43bd-a7d8-215ae2146e2d
Acnes,Acnes Natural Care Face Wash Complete White,Facewash,Acne,"Water, glycerin, palmitic acid, glyceryl stearate, myristic acid, potassium hydroxide, lauric acid, butylene glycol, olea europaea (olive) fruit oil, lauramide DEA, potassium cocoyl glycinate, laurylhydroxysultaine, potassium chloride, ethanol, fragrance, CI 77891, tocopheryl acetate, o-cymen-5-ol, dipotassiumglycyrrhizate, arctostaphylos uva ursi leaf extract mitracarpus scaber extract, magnesium ascorbyl phoshate, lactic acid, arbutin, sodium acetylatedhyaluronate.",100ml," Rp 24,000.00 ",https://shopee.co.id/Acnes-Natural-Care-Face-Wash-Complete-White-50g-i.30736001.1043896299?sp_atk=bdb93bc8-4b36-4004-93bd-f4807b6a2fdd&xptdk=bdb93bc8-4b36-4004-93bd-f4807b6a2fdd
NPURE,NPURE Facial Wash Cica,Facewash,Acne,"Aqua, Potassium Cocoyl Glycinate, Disodium Cocoyl Glutamate, Butylene Glycol, Cocamidopropyl Betaine, Niacinamide, Centella Asiatica Extract, Licorice Glycyrrhiza Glabra Extract, Salicylic Acid, Ascorbyl Glucoside, DMDM Hydantoin, Hydroxyethyl Urea, Camellia Sinensis Leaf Extract, Glutathione, Sodium Ascorbyl Phosphate, Sebacic Acid, Allantoin, Citrus Junos Seed Extract, Citrus Unshiu Peel Extract, Actinidia Chinensis Seed Extract, Fragaria Chiloensis Fruit Extract, Vitis Vinifera Leaf Extract, Vitis Vinifera Skin Extract, Garcinia Mangostana Peel Extract, Fragrance (Parfum Components And Finished Fragrances)",100ml," Rp 80,000.00 ",https://shopee.co.id/NPURE-Facial-Wash-Cica-Anti-Acne-Facial-Foam-Sabun-Muka-Anti-Jerawat-Berminyak-i.115276607.2217608401
PURE DEW,PURE DEW Cleanser Facial Wash 5X Ceramide Centella Asiatica Facial Wash,Facewash,Acne,"Aqua, Cocamidopropyl Betaine, Potassium Cocoyl Glycinate, Cocamide Dea, Sodium Chloride, Acrylates/Steareth-20 Methacrylate Copolymer, Glycerin, Phenoxyethanol, Potassium Hydroxide, Methylparaben, Citric Acid, Anthemis Nobilis Flower Water, Sodium Myristoyl Glutamate, Sodium Benzoate, Butylene Glycol, Sodium Lauryl Sulfate, Sodium Hyaluronate, Niacinamide, 1,2-Hexanediol, Hydroxyacetophenone, Tuber Magnatum Extract, Centella Asiatica Extract, Glycine, Hydrogenated Lecithin, Caprylyl Glycol, Serine, Glutamic Acid, Aspartic Acid, Leucine, Alanine, Lysine, Arginine, Tyrosine, Phenylalanine, Valine, Threonine, Proline, Isoleucine, Histidine, Ceramide Np, Ceramide Ns/Ceramide Ng, Ceramide As, Ceramide Eop, Ceramide Ap",70gram," Rp 26,514.00 ",https://shopee.co.id/PURE-DEW-Cleanser-Facial-Wash-5X-Ceramide-Centella-Asiatica-Facial-Wash-70-gr-Sabun-Cuci-Muka-Pembersih-Centella-Asiatica-Facial-Cleanser-kulit-sensitif-i.1088411547.22482583405?sp_atk=652840b0-aabf-45ff-bb6e-d7e3fd7bb1cc&xptdk=652840b0-aabf-45ff-bb6e-d7e3fd7bb1cc
Herborist,Herborist Facial Foam (Sabun Wajah) Tea Tree ,Facewash,Sensitive,"Aqua, Lauric Acid, Glycerin, Sodium Laureth Sulfate, Myristic Acid, Stearic Acid, PEG-150 Pentaerythrityl Tetrastearate, Potassium Hydroxide, Cocamidopropyl Betaine, Glycol Distearate, Perfume, Lauryl Betaine, DMDM Hydantoin, Sodium Chloride, Methylparaben, Olive (Olea Europea) Oil, Sodium Lactate, Disodium EDTA, Propylparaben, Acrylates/​C10-30 Alkyl Acrylate Crosspolymer, Glycyrrhiza Glabra Root Extract, Citrus Aurantium Dulcis Fruit Extract, Kojic Acid, Ci 19140, Ci 42090",80gram," Rp 22,900.00 ",https://shopee.co.id/Herborist-Facial-Foam-(Sabun-Wajah)-Tea-Tree-80gr-i.2315394.1022259789?sp_atk=0a36a6e0-3f2d-42ba-8e78-8092a3304456&xptdk=0a36a6e0-3f2d-42ba-8e78-8092a3304456
Whitelab,Whitelab Brightening Facial Wash,Facewash,All Skin Type,"Aqua, Palmitic Acid, Glycerin, Lauric Acid, Sodium Laureth Sulfate, Potassium Hydroxide, Stearic Acid, Cocamide DEA, Propylene Glycol, Glycol Distearate, Disodium Cocoyl Glutamate, Sodium Chloride, Parfum, Cocamidopropyl Betaine, DMDM Hydantoin, Licorice Glycyrrhiza Glabra Extract, Niacinamide, Allantoin, Collagen, Polyquaternium-7, Tetrasodium EDTA",60gram," Rp 19,560.00 ",https://shopee.co.id/Whitelab-Brightening-Facial-Wash-Sabun-Pembersih-Muka-Pencerah-Dengan-Niacinamide-Hyaluronic-Collagen-BPOM--i.201071840.3611788396?sp_atk=6fdffb27-acb4-4732-8949-a9dd8927a079&xptdk=6fdffb27-acb4-4732-8949-a9dd8927a079
Azarine,Azarine Acne Gentle Cleansing Foam,Facewash,Acne,"Aqua, Disodium Laureth Sulfosuccinate, Cocoamidopropyl Betaine, Propanediol, Glycerin, Aloe Barbadensis Leaf Extract, Hamamelis Virginia Leaf Extract, Polyacrylate Crosspolymer-6, Alcohol, Citrus Limon (lemon) fruit extract, Chlorphenesin, Salicylic Acid, Rheum Palmatum Root Extract, Allantoin, Honey (Mel), Portulaca Oleracea Extract, Fragrance, Citric Acid.",60ml," Rp 18,650.00 ",https://shopee.co.id/Azarine-Acne-Gentle-Cleansing-Foam-60ml-i.80036545.1889291042?sp_atk=a5c0aaf9-0e69-44e4-af3a-43fb56545644&xptdk=a5c0aaf9-0e69-44e4-af3a-43fb56545644
Skintific,SKINTIFIC - 5X Ceramide Low pH Cleanser,Facewash,Acne,"Water, Glycerin, Sodium Cocoyl Glycinate, Lauryl Betaine, Hydroxypropyl Starch Phosphate, Citric Acid, PEG-60 Glyceryl Isostearate, Sodium Chloride, Glyceryl Stearate SE, Coco-Glucoside, Phenoxyethanol, Sodium Cocoyl Isethionate, Sodium Phytate, Ethylhexylglycerin, Polyquaternium-7, 1,2-Hexanediol, Quillaja Saponaria Bark Extract, Sodium Benzoate, Ceramide NP, Ceramide EOP, Hyaluronic Acid, Ceramide AP, Centella Asiatica Extract, Niacinamide, Ceramide AS, Panthenol, Ceramide NS, Salicylic Acid, Arginine, Butylene Glycol, Hydrogenated Lecithin, Cetearyl Alcohol, Tocopherol, Stearic Acid, Ascorbic Acid, Sodium Hyaluronate, Cholesterol, Phytosphingosine",80ml," Rp 92,900.00 ",https://shopee.co.id/SKINTIFIC-5X-Ceramide-Low-pH-Cleanser-80ml-Facial-Wash-Cleanser-Face-Wash-Sabun-Cuci-Muka-Acner-Glowing-Barrier-Anti-Aging-Exfoliating-Brightening-Whitening-Blackhead-Removal-Calming-Peeling-Dark-Spot-cleanser-with-Ceramide-Amino-acid-Hyaluronic-acid-i.380266264.10532826663?sp_atk=de9140d7-a4a5-4488-b3cd-40f3bad53f55&xptdk=de9140d7-a4a5-4488-b3cd-40f3bad53f55
Wardah,Wardah Acnederm Salicylic Acid,Facewash,Acne,"Aqua, Sodium Laureth Sulfate, Glycerin, Cocamidopropyl Betaine, Decyl Glucoside, PEG-120 Methyl Glucose Dioleate, Acrylates Copolymer, Zinc Gluconate, PEG-3 Distearate, Salicylic Acid, Allantoin, Sodium Lauroyl Sarcosinate, Ethylhexylglycerin, Fragrance, Sodium Chloride, Potassium Hydroxide, Phenoxyethanol, Disodium EDTA",50ml," Rp 23,920.00 ",https://shopee.co.id/Wardah-Acnederm-Salicylic-Acid-Zinc-Acne-Clearing-Low-pH-Foaming-Cleanser-i.59763733.1313435380?sp_atk=9648bdca-b454-44d8-b0ba-f54bf5a17f03&xptdk=9648bdca-b454-44d8-b0ba-f54bf5a17f03
Wardah,Wardah Lightening Niacinamide Micellar Gentle Wash,Facewash,All Skin Type,"Aqua, Glycerin, Cocamidopropyl Betaine, Cocamide DEA, Sodium Laureth Sulfate, PEG-3 Distearate, Sodium Chloride, Potassium Laureth Phosphate, Sodium Methyl Cocoyl Taurate, Sodium Lauroyl Sarcosinate, Niacinamide, Glycyrrhiza Glabra Root Extract, Fragrance, Propylene Glycol, Phenoxyethanol, Acrylates/​C10-30 Alkyl Acrylate Crosspolymer, Ethylhexylglycerin, Triethanolamine, Citric Acid",50ml," Rp 24,000.00 ",https://shopee.co.id/Wardah-Lightening-Niacinamide-Micellar-Gentle-Wash-Facial-Wash-dengan-Advanced-Niacinamide-Sabun-Cuci-Muka-pH-Balance-Untuk-Mencerahkan-Cocok-untuk-Kulit-Kombinasi-Normal-Cenderung-Kering-i.59763733.4136702051?sp_atk=af36f888-59de-484e-9d0d-a8e653ef733f
Wardah,Wardah Perfect Bright Creamy Foam Bright + Oil Control,Facewash,Oily,"Myristic Acid, Glycerin, Aqua, Propylene Glycol, Potassium Hydroxide, Stearic Acid, Ethylene Glycol Distearate, Lauric Acid, Decyl Glucoside, Glyceryl Stearate, Olive Oil PEG-7 Esters, Polyquaternium-7, Niacinamide, Silica, Phenoxyethanol, Fragrance, Kaolin, Panthenol, Disodium EDTA, Ethylhexylglycerin, Ulva Lactuca Extract, Butylene Glycol, Glycyrrhiza Glabra (Licorice) Root Extract, Potassium Sorbate, Sodium Benzoate, Vitis Vinifera (Grape) Seed Extract.",50ml," Rp 22,000.00 ",https://shopee.co.id/%EF%BF%BCWardah-Perfect-Bright-Creamy-Foam-Bright-Oil-Control-Facial-Wash-Untuk-Kulit-Berminyak-Mengontrol-Produksi-Minyak-Hingga-12-Jam-dan-Membersihkan-Kulit-Tanpa-Rasa-Ketarik-Cerah-Sehat-Bebas-Kilap-i.59763733.1881840971
Wardah,Wardah Crystal Secret NMF Amino + AHA PHA Clarifying Foaming Cleanser ,Facewash,Normal,"Aqua, Glycerin, Cocamidopropyl Betaine, Cocamide DEA, Sodium Laureth Sulfate, PEG-3 Distearate, Sodium Chloride, Potassium Laureth Phosphate, Sodium Methyl Cocoyl Taurate, Sodium Lauroyl Sarcosinate, Niacinamide, Glycyrrhiza Glabra Root Extract, Fragrance, Propylene Glycol, Phenoxyethanol, Acrylates/​C10-30 Alkyl Acrylate Crosspolymer, Ethylhexylglycerin, Triethanolamine, Citric Acid, NMF Amino, AHA, PHA",100ml," Rp 37,260.00 ",https://shopee.co.id/NEW!-Wardah-Crystal-Secret-NMF-Amino-AHA-PHA-Clarifying-Foaming-Cleanser-100-mL-Sabun-Cuci-Muka-Gentle-Acid-Mantle-Expert-Daily-Exfoliating-Foam-yang-Membersihkan-dengan-Gentle-Kulit-Lembap-dan-Tampak-Cerah-Sebening-Kristal-i.59763733.1080148384?sp_atk=67fcad78-9338-464c-b36b-864da4b8e9be&xptdk=67fcad78-9338-464c-b36b-864da4b8e9be
Azarine,Azarine Active Bright - Brightening Creamy Facial Foam,Facewash,Normal,"Aqua, Sodium Laureth Sulfate, Cocamidopropyl Betaine, Glycerin, Niacinamide, Glycol Distearate, Arbutin, Citric Acid, Sodium PCA, DMDM Hydantoin, Phenoxyethanol, Fragrance, Sodium Hyaluronate, Disodium EDTA",50gram," Rp 15,650.00 ",https://shopee.co.id/Azarine-Active-Bright-Brightening-Creamy-Facial-Foam-50gr-i.80036545.21824833002?sp_atk=92e119d6-60b4-40ab-85b0-f69e92b374d6&xptdk=92e119d6-60b4-40ab-85b0-f69e92b374d6
SKIN1004,SKIN1004 Madagascar Centella Ampoule Foam,Facewash,Sensitive,"Centella extract, sodium cocoyl isethionate, glycerine, purified water, sodium methyl cocoyl taurate, coco-betaine, potassium cocoyl, glycinate,  1,2-hexxanediol, sodium chloride, potassium cocoate, potassium benzoate, polyquaternium-67, citric acid, dextrin, sodium bicarbonate, cacao extract, disodium EDTA, sodium acetate, butylene glycol, coptis chinensis root extract, sodium hyaluronate, eclipta extract, coccinia indica fruit extract",125ml," Rp 119,200.00 ",https://shopee.co.id/SKIN1004-Madagascar-Centella-Ampoule-Foam-125ml-i.555954448.15516099411?sp_atk=ad8e3caa-d198-40a6-b735-aecc9361884a&xptdk=ad8e3caa-d198-40a6-b735-aecc9361884a
Emina,Emina Ms. Pimple Acne Solution Face Wash 50 ml ,Facewash,Acne,"Aqua, Propylene Glycol, Sodium Laureth Sulfate, Acrylates Copolymer, Hydroxyethylcellulose, Cocamidopropyl Betaine, Zinc Gluconate, Salicylic Acid, Triethanolamine, DMDM Hydantoin, Sodium Chloride, Allantoin, Fragrance, Phenoxyethanol, Trideceth-9, PEG-40 Hydrogenated Castor Oil, Ethylhexylglycerin, Polysorbate 20, CI 19140, CI 42090.",50ml," Rp 20,250.00 ",https://shopee.co.id/Emina-Ms.-Pimple-Acne-Solution-Face-Wash-50-ml-Pembersih-Wajah-Kulit-Berjerawat-i.63983008.2202837906
Emina,Emina Bright Stuff Face Wash,Facewash,Sensitive,"Myristic Acid, Glycerin, Aqua, Propylene Glycol, Potassium Hydroxide, Stearic Acid, Glycol Distearate, Lauric Acid, Decyl Glucoside, Glyceryl Stearate, PEG-7 Olive Glycerides, Niacinamide, Polyquaternium-7, Silica, Phenoxyethanol, Fragrance, Kaolin, Panthenol, Disodium EDTA, Ethylhexylglycerin, Butylene Glycol, Glycyrrhiza Glabra (Root) Extract, Actinidia Polygama Fruit Extract",50ml," Rp 17,550.00 ",https://shopee.co.id/NEW!-Emina-Bright-Stuff-Face-Wash-Sabun-Muka-Cerah-Glowing-Anti-Kusam-i.63983008.2202837872
Glad2Glow,Glad2Glow Centella Salicylic Acid Acne Gel Cleanser ,Facewash,Acne,"Aqua, Potassium Cocoyl Glycinate, Hydrogenated Starch Hydrolysate, Acrylates/Steareth-20 Methacrylate Crosspolymer, Centella Asiatica Extract, Potassium Cocoate, Salicylic Acid, Sodium Lauroamphoacetate, Lauryl Hydroxysultaine, Erythritol, Caprylyl Glycol, Potassium Hydroxide, Sodium Chloride, Disodium Edta, Glycosyl Trehalose, Hydroxypropyl Cyclodextrin, Aroma, Phenoxyethanol",70ml," Rp 38,900.00 ",https://shopee.co.id/%E3%80%90NEW-LAUNCH%E3%80%91Glad2Glow-Centella-Salicylic-Acid-Acne-Gel-Cleanser-70ml-Facial-Wash-Face-Wash-Jerawat-Komedo-Sabun-Cuci-Muka-Pembersih-Wajah-Face-Cleanser-Cuci-Muka-Sabun-Muka-Pencuci-Muka-i.809769142.27455737082?sp_atk=3761c1c4-8052-4bc7-b62a-2bf74082fa92&xptdk=3761c1c4-8052-4bc7-b62a-2bf74082fa92
NPURE,NPURE Cleanser Gel Noni,Facewash,Sensitive,"Water, Glycerin, Coco-Betaine, Morinda Citrifolia Fruit Extract, Pentylene Glycol, Xanthan Gum, Sodium Chloride, Coco-Glucoside, Glyceryl Caprylate, Caprylyl Glycol, Decyl Glucoside, Betaine, Butylene Glycol, Bisabolol, Sodium Cocoyl Isethionate, 1,2-Hexanediol, Disodium EDTA, Anthemis Nobilis Flower Extract, Citric Acid, Quillaja Saponaria Bark Extract, Ethylhexylglycerin, Allantoin, Caffeine, Caprylic/​Capric Triglyceride, Leuconostoc/​Radish Root Ferment Filtrate, Lactobacillus/​Soybean Ferment Extract, Lactobacillus Ferment, Lactobacillus/​Acerola Cherry Ferment, Lactococcus Ferment, Bifida Ferment Filtrate, Lactococcus Ferment Lysate, Lactobacillus/​Punica Granatum Fruit Ferment Extract, Lactobacillus Ferment Lysate, Hydrogenated Lecithin, Ceramide NP",100ml," Rp 55,900.00 ",https://shopee.co.id/NPURE-Cleanser-Gel-Noni-Sabun-Muka-Kulit-Sensitif-Gentle-Skin-Cleanser-Pembersih-Wajah-Hypoallergenic-Eksim-Eczema-Semua-Jenis-Kulit-i.115276607.12554256539?sp_atk=8dc20cfd-4e8b-4c2c-b596-7f85fe7b460c&xptdk=8dc20cfd-4e8b-4c2c-b596-7f85fe7b460c
SOMETHINC,SOMETHINC Low pH Gentle Jelly Cleanser,Facewash,All Skin Type,"Water, Potassium Laureth Phosphate, Glycerin, Potassium Cocoyl Glutamate, Acrylates/C10-30 , Alkyl Acrylate Crosspolymer, Butylene Glycol, Centella Asiatica Leaf Water, Caprylic/Capric, Triglyceride, Aspartic Acid, Caprylyl Glycol, Sodium Cocoyl Glutamate, 1,2-Hexanediol, Lauryl, Hydroxysultaine, Coco-Glucoside, Polyglyceryl-10 Laurate, Polyglyceryl-10 Myristate, Glyceryl, Caprylate, Melaleuca Alternifolia (Tea Tree) Leaf Oil, Sodium Cocoyl Isethionate, Disodium EDTA, Calendula Officinalis Flower Extract, Mentha Piperita (Peppermint) Oil, Quillaja, Saponaria Bark Extract, Artemisia Capillaris Extract",100ml," Rp 93,400.00 ",https://shopee.co.id/SOMETHINC-Low-pH-Gentle-Jelly-Cleanser-Sabun-Cuci-Muka-Semua-Jenis-Kulit-i.195455930.3030299955?sp_atk=92d8c7e3-f801-4e6e-9b8c-333f2b9f2b1c&xptdk=92d8c7e3-f801-4e6e-9b8c-333f2b9f2b1c
BIOAQUA,BIOAQUA 7X Ceramide Moisturizer Cleanser Cuci Muka,Facewash,All Skin Type,"Sodium hyaluronate, Hammamelis Virginiana extract, Centella asiatica extract, Saccaromyces/ rice ferment, Calendula officinalis flower extract, Ubiquinone, Citrus reticulata fruit extract, Tocopherol, Bisabolol, Salicylic acid, Citrus medica limonum fruit extract.",100gram," Rp 23,730.00 ",https://shopee.co.id/BIOAQUA-7X-Ceramide-Moisturizer-Cleanser-Cuci-Muka-100g-Gentle-Cleanser-Low-pH-Cleanser-Facial-Wash-For-Sensitive-Skin-Face-Sabun-Pembersih-i.297682305.20945429060?sp_atk=bf872be7-3500-4df8-811b-77ed15e42580&xptdk=bf872be7-3500-4df8-811b-77ed15e42580
Glow & Lovely,Glow & Lovely Bright C Glow Facial Foam,Facewash,All Skin Type,"Myristic Acid, Glycerin, Water, Propylene Glycol, Potassium Hydroxide, Stearic Acid, Lauric Acid, Glycol Distearate, Decyl Glucoside, Palmitic Acid, Hydroxystearic Acid, Glyceryl Stearate, Citrus Limon (Lemon) Juice, Niacinamide, Tocopheryl Acetate, Sodium Ascorbyl Phosphate, Pyridoxine HCl, Fragrance, Phenoxyethanol, Polyquaternium-7, Disodium EDTA, Piroctone Olamine, Arachidic Acid, Sodium Benzoate, Potassium Sorbate",50gram," Rp 16,000.00 ",https://shopee.co.id/Glow-Lovely-Bright-C-Glow-Facial-Foam-50g-i.932470899.21571405556
SKINTIFIC,5X Ceramide Skin Barrier Repair Moisturize Gel,Moisturizer,Sensitive,"Aqua, Butylene Glycol, Hydrogenated Polyisobutene, Dimethicone, Glycerin, Propylene Glycol, 1,2-Hexanediol, Hydroxyacetophenone, PEG-400, Ammonium Acryloyldimethyltaurate/​VP Copolymer, Hydrogenated Lecithin, Panthenol, Phytosteryl/​Octyldodecyl Lauroyl Glutamate, Carbomer, Allantoin, Pca, Hydroxyethyl Acrylate/​Sodium Acryloyldimethyl Taurate Copolymer, Squalane, Ceramide NP, Ceramide NS, Ceramide NG, Ceramide AS, Ceramide EOP, Ceramide AP, Sodium Hyaluronate, Hydrolyzed Collagen, Centella Asiatica Extract, Sodium Hydroxide, Hamamelis Virginiana (Witch Hazel) Extract, Trehalose, Ectoin, Sophora Flavescens Root Extract, Opuntia Ficus-Indica Stem Extract, Ophiopogon Japonicus Root Extract, Yeast Polysaccharides, Pentylene Glycol, Disodium EDTA-Copper, Polysorbate 60, T-Butyl Alcohol, Citrus Aurantium Amara (Bitter Orange) Flower Oil, Sorbitan Isostearate, Citrus Aurantium Bergamia (Bergamot) Fruit Oil, Citrus Medica Limonum (Lemon) Peel Oil",30,"Rp125,000.00",https://shopee.co.id/SKINTIFIC-5X-Ceramide-Barrier-Moisturizer-Gel-30g-Cream-Pemutih-Wajah-Calming-Whitening-Brightening-Dark-Spot-Pelembab-Wajah-Pemutih-Wajah-Facial-Moisturizer-Day-Cream-Night-Cream-Skincare-BPOM-Niacinamide-with-Centella-Marine-Collagen-Hyaluronic-Acid-i.380266264.22324918043?sp_atk=d911359c-1be9-4d08-a301-495a08b6cf40&xptdk=d911359c-1be9-4d08-a301-495a08b6cf40
SKINTIFIC,MSH Niacinamide Brightening Moisturizer Gel ,Moisturizer,Dry Skin,"Water, Butylene Glycol, Isononyl Isononanoate, Glycerin, Niacinamide, Ceramide EOP, Ceramide NS, Ceramide NG, Undecylenoyl Phenylalanine, (Msh)，Centella Asiatica Extract, Alpha-Arbutin, Ceramide NP, Tranexamic Acid, Ceramide AS, Ceramide AP, Limnanthes Alba (Meadowfoam) Seed Oil, Betaine, Jojoba Esters, Hydroxyacetophenone, Panthenol, 1,2-Hexanediol, Cetearyl Olivate, Cyclohexasiloxane, Sorbitan Olivate, Bis-PEG/​PPG-20/​5 PEG/​PPG-20/​5 Dimethicone, Methoxy PEG/​PPG-25/​4 Dimethicone, Acrylates/​C10-30 Alkyl Acrylate Crosspolymer, Dimethicone/​Vinyl Dimethicone Crosspolymer, Armillaria Matsutake Extract, Pentylene Glycol, Saccharomyces Cerevisiae Extract",30,"Rp139,000.00",https://shopee.co.id/SKINTIFIC-MSH-Niacinamide-Brightening-Moisturizer-Gel-30g-Cream-Pemutih-Wajah-Calming-Whitening-Dark-Spot-Pelembab-Wajah-Pemutih-Wajah-Facial-Moisturizer-Day-Cream-Night-Cream-Skincare-BPOM-Niacinamide-Skincare-Facial-with-MSH-Niacinamide-Arbutin-Acid-i.380266264.18453646824?sp_atk=383aa842-8611-4224-a678-66f2ed2952cd
SKINTIFIC,3X Acid Anti-Acne Gel Moisturizer,Moisturizer,Acne,"Aqua  Butylene Glycol  Dimethicone/ Vinyl Dimethicone Crosspolymer  Cyclopentasiloxane  Trehalose  Panthenol  Lactobionic Acid  Lactic Acid  Glycerin  Cyclohexasiloxane  1,2-Hexanediol  Hydroxyacetophenone  Carbomer  Methyl Gluceth 20  Salicylic Acid  Sophora Flavescens Root Extract  Ammonium Acryloyldimethyltaurate/VP Copolymer  Pentylene Glycol  Ophiopogon Japonicus Root Extract  Opuntia Ficus Indica Stem Extract  Portulaca Oleracea Extract  Tribulus Terrestris Fruit Extract  Sodium Hydroxide  Disodium Edta  10 Hydroxydecanoic Acid  Arginine/ Lysine Polypeptide  Ectoin  Peg 40 Hydrogenated Castor Oil  Cornus Officinalis Fruit Extract  Aroma**  CI 42090  Maltodextrin  Acacia Senegal Gum  Centella Asiatica Leaf Extract  Glycolic Acid  Sodium Magnesium Silicate  Citric Acid  Xanthan Gum ",30,"Rp131,500.00",https://shopee.co.id/Skintific-3X-Acid-Anti-Acne-Gel-Moisturizer-30Gr-i.186214521.27156070804?sp_atk=8a4efb8d-d9f9-4ec1-a10b-4aeccdd78e7c&xptdk=8a4efb8d-d9f9-4ec1-a10b-4aeccdd78e7c
Somethinc,SKIN GOALS Moisture Silk Crème,Moisturizer,Normal,"Oryza Sativa (Rice) Bran Water, Water, Glycerin, 1,2-Hexanediol, Propanediol, Alpha-Arbutin, Dipropylene Glycol, Caprylic/Capric Triglyceride, Pentylene Glycol, Xylitylglucoside, Anhydroxylitol, Sodium Palmitoyl Proline, Glyceryl Acrylate/Acrylic Acid Copolymer, Glycyrrhiza Uralensis (Licorice) Root Extract, Hydroxyethyl Acrylate/Sodium Acryloyldimethyl Taurate Copolymer, Acrylates/C10-30 Alkyl Acrylate Crosspolymer, Butylene Glycol, Xylitol, Tromethamine, Tocopherol, Adenosine, Ethylhexylglycerin, Sodium Phytate, Nymphaea Alba Flower Extract",25,"Rp89,000.00",https://shopee.co.id/SOMETHINC-SKIN-GOALS-Moisture-Silk-Crem%C3%A8-Brightening-Moisturizer-(Pelembab-untuk-Mencerahkan)-i.487788169.27359363151?sp_atk=69e1e6f1-bc42-4038-b93f-413b8f749f2f&xptdk=69e1e6f1-bc42-4038-b93f-413b8f749f2f
Somethinc,Calm Down! Skinpair R-Cover Cream Moisturizer,Moisturizer,Sensitive,"Water, Glycerin, Dicaprylyl Ether, Butylene Glycol, Hydrogenated Ethylhexyl Olivate, Pentylene Glycol, 1,2-Hexanediol, Panthenol, Hydrogenated Polydecene, Saccharide Isomerate, Hydroxyethyl Acrylate/Sodium Acryloyldimethyl Taurate Copolymer, Acrylates/C10-30 Alkyl Acrylate Crosspolymer, Polymethylsilsesquioxane, Hydrogenated Olive Oil Unsaponifiables, Boron Nitride, Madecassoside, Aloe Barbadensis Leaf Extract, Allantoin, Artemisia Vulgaris Extract, Astrocaryum Murumuru Seed Butter, Glyceryl Acrylate/Acrylic Acid Copolymer, Tromethamine, Ethylhexylglycerin, Xanthan Gum, Dipotassium Glycyrrhizate, Sodium Phytate, Ceramide NP, Sodium Citrate, Citric Acid, Sea Water, Propanediol, Tocopherol, Emiliania Huxleyi Extract",30,"Rp130,000.00",https://shopee.co.id/SOMETHINC-MAKEUP-Calm-Down!-Skinpair-R-Cover-Cream-Moisturizer-i.487788169.26259366608?sp_atk=434d4379-5454-4329-898a-0a3118ccbe0d&xptdk=434d4379-5454-4329-898a-0a3118ccbe0d
Wardah,Wardah Cica Complex + Panthenol Ceramide Calm & Soothe Gel Moisturizer ,Moisturizer,Acne,"Aqua, niacinamide, butylene Glycol, propanediol, Centella Asiatica extract, panthenol, ceramide NP, saccharide isomerate, allantoin, mirabilis jalapa extract, glyserine, xylitol, 1,2 hexanediol, acrylates/c10-30 Alkyl Acrylate crosspolymer, ammonium acryloyldimethyl taurate vp Copolymer, aminomethyl propanol, caprylic/capric triglyceride, Chlorphenesin, caprylyl hydroxamic acid, disodium edta, deoxyphytantriyl palmitamide MEA, hydrogenated lecithin, cholesterol, citric acid, sodium citrate",30,"Rp89,000.00",https://shopee.co.id/Wardah-14X-Hyaluron-Pentavitin-Deep-Water-Restore-Gel-Moisturizer-30-g-Pelembab-Gel-Ringan-yang-Meningkatkan-Kadar-Air-di-Kulit-Memperbaiki-Skin-Barrier-Ringan-Long-lasting-Hydration-(Hydrated-Glass-Skin)-i.59763733.24414563519?sp_atk=d0ed6092-e527-47c1-9373-1582fda58ca6
Wardah,Wardah 14X Hyaluron + Pentavitin Deep Water Restore Gel Moisturizer,Moisturizer,Dry Skin,"Aqua, Trisiloxane, Glycerin, Triheptanoin, Butylene Glycol, Trehalose, Biosaccharide Gum-1, Ammonium Acryloyldimethyltaurate/VP Copolymer, Dimethicone, Saccharide Isomerate, Bisabolol, Phenoxyethanol, Beta-Glucan, Sodium Hyaluronate, Hydrolyzed Hyaluronic Acid, Hyaluronic Acid, Hydrolyzed Sodium Hyaluronate, Hydroxypropyltrimonium Hyaluronate, Potassium Hyaluronate, Sodium Acetylated Hyaluronate, Sodium Hyaluronate Crosspolymer",30,"Rp89,000.00",https://shopee.co.id/Wardah-14X-Hyaluron-Pentavitin-Deep-Water-Restore-Gel-Moisturizer-30-g-Pelembab-Gel-Ringan-yang-Meningkatkan-Kadar-Air-di-Kulit-Memperbaiki-Skin-Barrier-Ringan-Long-lasting-Hydration-(Hydrated-Glass-Skin)-i.59763733.24414563519?sp_atk=1ba76270-47f8-4618-84a2-2ddf0b35a207&xptdk=1ba76270-47f8-4618-84a2-2ddf0b35a207
Wardah,Wardah Alpha Arbutin + 5% Niacinamide Crystal Secret Brightening Day Cream,Moisturizer,Dry Skin,"Aqua, Ethylhexyl Methoxycinnamate, Niacinamide, Butyl Methoxydibenzoylmethane, Butyloctyl Salicylate, Octocrylene, Glyceryl Stearate, Titanium Dioxide, Hydroxyethyl Acrylate/​Sodium Acryloyldimethyl Taurate Copolymer, Stearyl Alcohol, Phenoxyethanol, PEG-100 Stearate, Polymethylsilsesquioxane, Silica, Dimethicone, Alpha-Arbutin, Bisabolol, Polysorbate 20, Acrylates/​C10-30 Alkyl Acrylate Crosspolymer",30,"Rp81,000.00",https://shopee.co.id/Wardah-Alpha-Arbutin-5-Niacinamide-Crystal-Secret-Brightening-Day-Cream-Pelembab-Wajah-yang-Mencerahkan-Melembapkan-i.59763733.1080210042?sp_atk=272cca28-80b1-404c-9ebb-85094dc9a00b
CeraVe,Daily Moisturizing Lotion,Moisturizer,Dry Skin,"Aqua/Water, Glycerin, Cetearyl Alcohol, Caprylic/Capric Triglyceride, Cetyl Alcohol, Ceteareth-20, Petrolatum, Potassium Phosphate, Ceramide NP, Ceramide AP, Ceramide EOP, Carbomer, Dimethicone, Behentrimonium Methosulfate, Sodium Lauroyl Lactylate, Sodium Hyaluronate, Cholesterol, Phenoxyethanol, Disodium EDTA, Dipotassium Phosphate, Tocopherol, Phytosphingosine, Xanthan Gum, Ethylhexylglycerin",50,"Rp88,000.00",https://shopee.co.id/CeraVe-Daily-Moisturising-Cream-For-Dry-to-Very-Dry-Skin-177-ml-(Variasi)-i.36998337.24158993406?sp_atk=538e3893-0429-4b72-bae5-6a5144d9416d&xptdk=538e3893-0429-4b72-bae5-6a5144d9416d
La Roche Posay  productnation,Effaclar Mat Moisturizer productnation,Moisturizer,Oily,"Aqua, Glycerin, Dimethicone, Isocetyl Stearate, Alcohol Denat., Silica, Dimethicone/​Vinyl Dimethicone Crosspolymer, Acrylamide/​Sodium Acryloyldimethyltaurate Copolymer, Methyl Methacrylate Crosspolymer, Butylene Glycol, PEG-100 Stearate, Triethanolamine, Isohexadecane, Perlite, Capryloyl Salicylic Acid, Tetrasodium EDTA, Pentylene Glycol, Polysorbate 80, Acrylates/​C10-30 Alkyl Acrylate Crosspolymer, Salicylic Acid",40,"Rp338,900.00",https://shopee.co.id/La-Roche-Posay-Effaclar-Mat-Moisturizer-40ml-Pelembab-Wajah-Matte-Kulit-Normal-Berminyak-i.433144176.3488095775?uls_trackid=51a3jtgd0118&utm_campaign=-&utm_content=8521-c424a5cfbf674fe9b5a9988c3c0c910d--103101&utm_medium=affiliates&utm_source=an_11189120000&utm_term=c4j6caiycjom
Cetaphil,Moisturizing Lotion,Moisturizer,Sensitive,"Purified Water, Glycerin, Hydrogenated Polyisobutene, Cetearyl Alcohol, Ceteareth-20, Persea Gratissima (Avocado) Oil, Tocopheryl Acetate, Dimethicone, Caprylyl Glycol, Benzyl Alcohol, Panthenol, Stearoxytrimethylsilane, Stearyl Alcohol, Sodium Levulinate, Sodium Anisate, Acrylates/​C10-30 Alkyl Acrylate Crosspolymer, Citric Acid",59,"Rp58,000.00",https://shopee.co.id/Cetaphil-Moisturizing-Lotion-59ml-dengan-Avocado-Oil-Pelembap-Perawatan-Tubuh-untuk-Kulit-Kering-Berminyak-dan-Sensitif-i.11277516.15269811112?sp_atk=dda5984c-1110-4d5d-b2f3-580a25728ab6
Hada Labo,Hadalabo Perfect 3D Gel Pelembab Wajah,Moisturizer,Normal,"Aqua (Water), Butylene Glycol, Arbutin, Niacinamide, PEG-240/​Hdi Copolymer Bis-Decyltetradeceth-20 Ether, Glycerin, Glycosyl Trehalose, Hexylglycerin, Phenoxyethanol, Disodium Succinate, Sodium Metabisulfite, Dextrin, Arginine, Succinic Acid, Hydroxypropyltrimonium Hyaluronate, Citrus Junos Seed Extract, Hydrolyzed Hyaluronic Acid, Potassium Laurate, Tocopherol, Methylparaben, Sodium Hyaluronate, Sodium Acetylated Hyaluronate",40,"Rp92,000.00",https://shopee.co.id/Hadalabo-Perfect-3D-Gel-Pelembab-Wajah-40Gr-i.187117294.27166886689?sp_atk=e5638c14-4c88-41f9-ab08-efcf2e9f2aa1&xptdk=e5638c14-4c88-41f9-ab08-efcf2e9f2aa1
Hada Labo,Shirojyun Milk Whitening Milk,Moisturizer,Normal,"Aqua (Water), Dipropylene Glycol, Triethylhexanoin, Isopropyl Palmitate, Arbutin, Glycerin, Glyceryl Stearate, Pentylene Glycol, PEG-20 Sorbitan Isostearate, Cetyl Alcohol, Limnathes (Meadowfoam) Seed Oil, Xanthan Gum, Hydroxyethylcellulose, Methylparaben, Disodium EDTA, Carbomer, Triethanolamine, Sodium Hyaluronate, Magnesium Ascorbyl Phosphate, Tocopherol",100,"Rp65,000.00",https://shopee.co.id/Hada-Labo-Shirojyun-Whitening-Milk-100-ml-i.270965687.5441187921?sp_atk=aa5d26ba-196e-4234-9f28-7e97dd7d7b86&xptdk=aa5d26ba-196e-4234-9f28-7e97dd7d7b86
Hada Labo,Gokujyun Moisturizing Light Lotion,Moisturizer,Oily,"Aqua (Water), Dipropylene Glycol, Glycerine, Disodium Succinate, Methylparaben, Sodium Hyaluronate, Succinic Acid, PPG-20 Methyl Glucose Ether, Hydrolyzed Hyaluronic Acid, Sodium Acetylated Hyaluronate",100,"Rp45,000.00",https://www.tokopedia.com/nihonmart/hada-labo-gokujyun-light-lotion-100ml?extParam=ivf%3Dfalse%26keyword%3Dhada+labo%26search_id%3D2024112015591256A875C407BB4F0A77C2%26src%3Dsearch
Avoskin,Avoskin Your Skin Bae Glow Concentrate Treatment Moisturizer productnation,Moisturizer,Oily,"Water, Glycerin, Propanediol, 1,2-Hexanediol, Pentylene Glycol, Dicaprylyl Carbonate, Butylene Glycol, Glyceryl Acrylate/Acrylic Acid Copolymer, Leuconostoc/Radish Root Ferment Filtrate, Lactobacillus/Soybean Ferment Extract, Lactobacillus Ferment, Lactobacillus/Acerola Cherry Ferment, Lactococcus Ferment, Bifida Ferment Filtrate, Lactococcus Ferment Lysate, Lactobacillus/Punica Granatum Fruit Ferment Extract, Lactobacillus Ferment Lysate, Hydroxyethyl Acrylate/Sodium Acryloyldimethyl Taurate Copolymer, Acrylates/C10-30 Alkyl Acrylate Crosspolymer, Caprylic/Capric Triglyceride, Tromethamine, Glucose, Chlorella Vulgaris Extract, Sodium Polyglutamate, Sodium Hyaluronate, Fructose, Hydrogenated Lecithin, Fructooligosaccharides",45,"Rp120,000.00",https://shopee.co.id/-Cuci-Gudang-MSBB-Avoskin-Your-Skin-Bae-Glow-Concentrate-Treatment-2-Aqua-Ceramide-Multi-Probi-i.288588702.24581736049?sp_atk=0740c18c-94d7-43cb-8b88-4403c6b3d053&xptdk=0740c18c-94d7-43cb-8b88-4403c6b3d053
Emina,Bright Stuff Moisturizing Cream,Moisturizer,Normal,"Aqua, Stearic Acid, Niacinamide, Cyclopentasiloxane, Ethylhexyl Methoxycinnamate, Glycerin, Propanediol, Cyclohexasiloxane, Dimethicone, Cetyl Alcohol, Heptyl Glucoside, Octocrylene, Phenoxyethanol, Titanium Dioxide, Butyl Methoxydibenzoylmethane, Polyacrylate-13, Chlorphenesin, Butylene Glycol, Polyisobutene, Potassium Hydroxide, Allantoin, Fragrance, Tocopheryl Acetate, Polysorbate 20, Triethoxycaprylylsilane, Aluminum Hydroxide, Glycyrrhiza Glabra (Licorice) Root Extract, Actinidia Polygama Fruit Extract, Heptanol",20,"Rp24,000.00",https://shopee.co.id/Emina-Bright-Stuff-Moisturizing-Cream-20ml-Pelembab-Wajah-Mencerahkan-Merah-Jingga-Official-i.1346168602.24236312964?sp_atk=16880104-abc1-44cb-ac80-d0a1b32cd028&xptdk=16880104-abc1-44cb-ac80-d0a1b32cd028
Emina,Natura Pal Gel Moisturizer,Moisturizer,Normal,"Aqua, Cyclopentasiloxane, Niacinamide, Glycerin, Ammonium Acryloyldimethyltaurate/VP Copolymer, Dimethicone, Phenoxyethanol, Polyglyceryl-3 Methylglucose Distearate, Propanediol, Allantoin, Polysorbate 20, Chlorphenesin, Carbomer, Tocopheryl Acetate, Disodium EDTA, Potassium Hydroxide, Dimethicone/Vinyl Dimethicone Crosspolymer, Sodium Hyaluronate, Cyclodextrin, Pisum Sativum Extract, Fragrance, Artemisia Capillaris Flower Extract.",20,"Rp37,000.00",https://shopee.co.id/Emina-Natura-Pal-Gel-Moisturizer-20ml-Pelembab-Wajah-i.940220394.23871620729?sp_atk=b2b8ed8c-6882-4e7d-8f0a-2ce2ebb633a7&xptdk=b2b8ed8c-6882-4e7d-8f0a-2ce2ebb633a7
Hanasui,Hanasui Ceramide Probiotics Moisturizer Gel ,Moisturizer,Sensitive,"Aqua, Glycerin, Butylene Glycol, Propanediol, Niacinamide, Ethyl Macadamiate, Hydroxyethyl Urea, Glycereth-26, Galactomyces Ferment Filtrate, Phenoxyethanol, Dimethicone, Sodium Acrylate/​Sodium Acryloyldimethyl Taurate Copolymer, Methyl Gluceth-20, Sodium Polyacrylate, Hydrogenated Polydecene, C15-19 Alkane, Hydrolyzed Jojoba Esters, Lactobacillus Ferment, Allantoin, Carbomer, Phytosteryl/​Octyldodecyl Lauroyl Glutamate, Tocopheryl Acetate, Aminomethyl Propanol, Triethylene Glycol, Disodium EDTA, Trideceth-6, 1,2-Hexanediol, C10-16 Alkyl Glucoside, Caprylic/​Capric Triglyceride, Hydrogenated Lecithin, Sodium Hyaluronate, Sucrose Stearate, Ceramide NP, Hyaluronic Acid, Hydrolyzed Hyaluronic Acid, Hydrolyzed Sodium Hyaluronate, Hydroxypropyltrimonium Hyaluronate, Pentylene Glycol, Potassium Hyaluronate, Sodium Acetylated Hyaluronate, Sodium Hyaluronate Crosspolymer, 2-Aminobutanol, Ceramide AP, Ceramide AS, Ceramide NG, Glycosphingolipids",30,"Rp37,500.00",https://shopee.co.id/Hanasui-Ceramide-Probiotics-Moisturizer-Gel-Pelembab-Ringan-Lembap-Perbaiki-Skin-Barrier-dan-Mencerahkan-i.129681299.25160428674?sp_atk=2d9d0d67-6c76-4894-b919-ae407e0dbe72&xptdk=2d9d0d67-6c76-4894-b919-ae407e0dbe72
Dorskin,Pink Bliss Moisturizer Brightening ,Moisturizer,Acne,"Aqua, Niacinamide, Centella Asiatica Extract, Glycerin, Triethanolamine, Petrolatum, Isopropyl Myristate, Punica Granatum Fruit Extract, Carbomer, Propylene Glycol, Aloe Barbadensis Leaf Extract, Cetyl Alcohol, Dimethicone, 1,2- Hexanediol, Cetearyl Alcohol, Pectin, Glyceryl Stearate, Honey Extract, Caprylyl Glycol, Ceteareth-20, Disodium EDTA, PEG-40 Stearate, Acetyl Glucosamine, Arginine, Ascorbic Acid, Calcium Carbonate, Caprylic/​Capric Triglyceride, Citric Acid, Glucose, Glutathione, Hydrogenated Lecithin, Hydroxypropyl Methylcellulose, Sodium Chloride, DMDM Hydantoin, Phenoxyethanol, Benzoic Acid",30,"Rp27,000.00",https://shopee.co.id/Dorskin-Pink-bliss-moisturizer-Brightening-pencerahan-wajah-kusam-dan-bekas-jerawat-i.484532914.29000955580?sp_atk=8993441d-6b95-4c0f-9598-5927c0242927&xptdk=8993441d-6b95-4c0f-9598-5927c0242927
Acnaway,Mugwort Water Gel Moisturizer ,Moisturizer,Acne,"Aqua, Butylene Glycol, Betaine, PEG/​PPG-17/​6 Copolymer, Acrylates/​C10-30 Alkyl Acrylate Crosspolymer, Arginine, 1,2-Hexanediol, PPG-5-Ceteth-20, Artemisia Vulgaris Extract, Centella Asiatica Leaf Extract, Propylene Glycol, Panthenol, PEG/​PPG-14/​7 Dimethyl Ether, Allantoin, Pentylene Glycol, Caprylhydroxamic Acid, Dipotassium Glycyrrhizate, Phenoxyethanol, Ethylhexylglycerin, Avena Sativa (Oat) Kernel Extract, Sodium Hyaluronate, Lavandula Angustifolia Oil, Lactobacillus/​Soymilk Ferment Filtrate, Portulaca Oleracea Extract, Melaleuca Alternifolia (Tea Tree) Leaf Oil, Aloe Barbadensis Leaf Juice Powder, Glyceryl Caprylate, Peppermint (Mentha Piperita) Oil, Beta-Glucan",30,"Rp37,000.00",https://shopee.co.id/ACNAWAY-Mugwort-Water-Gel-Moisturizer-with-Mugwort-Centella-Panthenol-ONLY-FOR-ACNE-SKIN-i.600850936.20085052245?sp_atk=a956ff69-41b1-4b7f-a7b2-f7e498c2ec8e&xptdk=a956ff69-41b1-4b7f-a7b2-f7e498c2ec8e
AZARINE,Azarine Hydrasoothe Sunscreen Gel SPF45 PA++++,Sunscreen,"normal, oily, kombinasi, dan berjerawat","aqua, glycerin, propanediol, ethylhexyl methoxycinnamate, butyl methoxydibenzoylmethane, aloe barbadensis juice extract, polymethyl methacrylate, portulaca oleracea extract, sodium hyaluronate, niacinamide, cucumis sativus fruit extract, camelia sinensis extract, punica granatum fruit extract, phenoxyethanol, octocrylene, butylene glycol, sodium acrylates c 10-30 alkyl acrylates crosspolymer, propolis, piscea abies extract, allantoin, xanthan gum, panthenol, disodium edta, fragrance, lecithin",30," Rp 33,890.00 ",https://shopee.co.id/AZARINE-Hydrasoothe-Sunscreen-Gel-SPF45-PA-50ml-30ml-Merah-Jingga-Official-i.1346168602.26417420777?sp_atk=98499f9d-2fa4-4535-b388-216b35fa655e&xptdk=98499f9d-2fa4-4535-b388-216b35fa655e
AZARINE,Azarine Hydrasoothe Sunscreen Gel SPF45 PA++++,Sunscreen,"normal, oily, kombinasi, dan berjerawat","aqua, glycerin, propanediol, ethylhexyl methoxycinnamate, butyl methoxydibenzoylmethane, aloe barbadensis juice extract, polymethyl methacrylate, portulaca oleracea extract, sodium hyaluronate, niacinamide, cucumis sativus fruit extract, camelia sinensis extract, punica granatum fruit extract, phenoxyethanol, octocrylene, butylene glycol, sodium acrylates c 10-30 alkyl acrylates crosspolymer, propolis, piscea abies extract, allantoin, xanthan gum, panthenol, disodium edta, fragrance, lecithin",50," Rp 62,750.00 ",https://shopee.co.id/-GEL-Azarine-Hydrasoothe-Sunscreen-Gel-SPF45-PA-50ml-LOLOS-UJI-INVIVO-INVITRO-BEST-SELLER-sunscreen-kulit-berminyak-berjerawat-i.80036545.4669860687?sp_atk=bd18a0c4-e479-44e2-8093-f4fd4e663065&xptdk=bd18a0c4-e479-44e2-8093-f4fd4e663065
AZARINE,Azarine Hydrasoothe Sunscreen Gel SPF45 PA++++,Sunscreen,"normal, oily, kombinasi, dan berjerawat","aqua, glycerin, propanediol, ethylhexyl methoxycinnamate, butyl methoxydibenzoylmethane, aloe barbadensis juice extract, polymethyl methacrylate, portulaca oleracea extract, sodium hyaluronate, niacinamide, cucumis sativus fruit extract, camelia sinensis extract, punica granatum fruit extract, phenoxyethanol, octocrylene, butylene glycol, sodium acrylates c 10-30 alkyl acrylates crosspolymer, propolis, piscea abies extract, allantoin, xanthan gum, panthenol, disodium edta, fragrance, lecithin",50," Rp 61,983.00 ",https://shopee.co.id/-GEL-Azarine-Hydrasoothe-Sunscreen-Gel-SPF45-PA-50ml-LOLOS-UJI-INVIVO-INVITRO-BEST-SELLER-sunscreen-kulit-berminyak-berjerawat-i.80036545.4669860687?sp_atk=bd18a0c4-e479-44e2-8093-f4fd4e663065&xptdk=bd18a0c4-e479-44e2-8093-f4fd4e663065
AZARINE,Azarine Calm My Acne Sunscreen Moisturiser SPF35 PA+++,Sunscreen,"acne, oily, sensitive, and kombinasi","Aqua, Glycerin*, Ethylhexyl Methoxycinnamate, Butyl methoxybenzoylmethane, Epilobium Angustifolium Flower/Leaf/Stem Extract*, Acrylates Crosspolymer, Inulin Lauryl Carbamate, Ethylexyl Triazone, Chlorphenesin, Bisabolol*, Sodium Hyaluronate, Bakuchiol*, Ectoin*, Phenoxyethanol, Octocrylene, Sodium Surfactin, Quaternium 73",40," Rp 34,850.00 ",https://shopee.co.id/Azarine-Calm-My-Acne-Sunscreen-Moisturiser-SPF35-PA-LOLOS-UJI-INVIVO-INVITRO-Sunscreen-Gel-Untuk-Kulit-Berminyak-Berjerawat-Sensitif-40ml-i.80036545.17992088195?sp_atk=e303b531-6a06-43ad-823e-ac5d2700ebd9&xptdk=e303b531-6a06-43ad-823e-ac5d2700ebd9
AZARINE,Azarine Hydramax-C Sunscreen Serum SPF50 PA++++,Sunscreen,"kering, normal, dan kombinasi","Aqua, ethylhexyl Methoxycinnamate, butylmethoxydibenzoylmethane, glyserine, propanediol, polymethyl methacrylate, octocrylene, butylene Glycol, ectoin, ascorbic acid, hydroxypropyl trimonium hyaluronate, hyaluronic acid, acrylates crosspolymer, allantoin, phenoxyethanol, sodium acetylated hyaluronate, hydrolyzed hyaluronic acid, tocopheryl acetate, Chlorphenesin, potassium hyaluronate, sodium Hyaluronate crosspolymer, hydrolyzed sodium hyaluronate, caprylyl -2 glyseryl ascorbate, xanthan gum, sodium hyaluronate.",40," Rp 52,000.00 ",https://shopee.co.id/Azarine-Hydramax-C-Sunscreen-Serum-SPF-50-40ml-i.10689.17446314412?sp_atk=45db0514-fcc5-461c-89e7-d3a165538db0&xptdk=45db0514-fcc5-461c-89e7-d3a165538db0
AZARINE,Azarine Ceraspray Sunscreen Spray SPF 50 PA+++,Sunscreen,all skin type,"Water, Ethylhexyl Methoxycinnamate, Alcohol, C12-15 Alkyl Benzoate, Collagen Water (Water, Collagen), Octocrylene, C13-16 Isoparaffin, Dimethicone, Glycerin, Butyl Methoxydibenzoylmethane, Lauryl PEG-9 Polydimethylsiloxyethyl Dimethicone, Disodium EDTA, Triethanolamine, Phenylbenzimidazole Sulfonic Acid, Methylene Bis-Benzotriazolyl Tetramethylbutylphenol, Ethylhexyl Salicylate, Bis-Ethylhexyloxyphenol Methoxyphenyl Triazine, Phenoxyethanol, Centella Asiatica Leaf Extract, Glycyrrhiza Glabra (Licorice) Root Extract, Calendula Officinalis Extract, Bisabolol, Ceramide NG, Ceramide AS, Ceramide NS, Aloe Barbadensis Leaf Juice, Parfum, Ceramide AP, Ceramide EOS, Ceramide EOP, Ceramide NP",50," Rp 49,650.00 ",https://shopee.co.id/Azarine-Ceraspray-Sunscreen-Spray-SPF-50-PA-with-cooling-sensation-50ml-UV-Defender-UV-Protector-Outdoor-Sunscreen-Mist-i.80036545.24159177602?sp_atk=780b930b-3e63-45bc-8960-8dbfb9fc2631&xptdk=780b930b-3e63-45bc-8960-8dbfb9fc2631
EMINA,Emina Sun Battle SPF 35 PA+++,Sunscreen,all skin type,"Aqua, Ethanol, Ethylhexyl Methoxycinnamate, Glyceryl Stearate, Diethylamino Hydroxybenzoyl Hexyl Benzoate, Dimethicone, Butylene Glycol, Phenoxyethanol, Triethanolamine, Aloe Vera (Leaf) Extract, Panthenol, Polyvinyl Alcohol, Propylene Glycol, Acrylates/C10-30 Alkyl Acrylate Crosspolymer, Fragrance, Hydrolyzed Wheat Protein/PVP Crosspolymer, BHT Disodium EDTA, Ethylhexylglycerin, Xanthan Gum, Potassium Sorbate, Sodium Benzoate.",20," Rp 16,650.00 ",https://shopee.co.id/Emina-Sun-Battle-Bright-Glow-SPF-35-PA-Sunscreen-Serum-Amino-Vitamin-C-Cerah-Ringan-Hydrating-Teruji-In-Vivo-Non-acnegenic-Non-Comedogenic.-Cocok-semua-jenis-kulit-i.63983008.9647576834?sp_atk=c809df25-ceba-4744-b91c-84a2899b2e1a&xptdk=c809df25-ceba-4744-b91c-84a2899b2e1a
EMINA,Emina Sun Battle SPF 35 PA+++,Sunscreen,all skin type,"Aqua, Ethanol, Ethylhexyl Methoxycinnamate, Glyceryl Stearate, Diethylamino Hydroxybenzoyl Hexyl Benzoate, Dimethicone, Butylene Glycol, Phenoxyethanol, Triethanolamine, Aloe Vera (Leaf) Extract, Panthenol, Polyvinyl Alcohol, Propylene Glycol, Acrylates/C10-30 Alkyl Acrylate Crosspolymer, Fragrance, Hydrolyzed Wheat Protein/PVP Crosspolymer, BHT Disodium EDTA, Ethylhexylglycerin, Xanthan Gum, Potassium Sorbate, Sodium Benzoate.",50," Rp 29,250.00 ",https://shopee.co.id/Emina-Sun-Battle-Bright-Glow-SPF-35-PA-Sunscreen-Serum-Amino-Vitamin-C-Cerah-Ringan-Hydrating-Teruji-In-Vivo-Non-acnegenic-Non-Comedogenic.-Cocok-semua-jenis-kulit-i.63983008.9647576834?sp_atk=c809df25-ceba-4744-b91c-84a2899b2e1a&xptdk=c809df25-ceba-4744-b91c-84a2899b2e1a
EMINA,Emina Sun Battle SPF 35 PA +++ Acne Clear Cica + Allantoin Airy Acne Soothing,Sunscreen,"all skin type, berjerawat","Aqua, Ethylhexyl Methoxycinnamate, Butyl Methoxydibenzoylmethane, Niacinamide, Butylene Glycol, Octocrylene, Phenoxyethanol, Acrylates/C10-30 Alkyl Acrylate Crosspolymer, Aminomethyl Propanol, Cetearyl Olivate, Bis-ethylhexyloxyphenol Methoxyphenyl Triazine, Chlorphenesin, Allantoin, Salicylic Acid, Lecithin, Sorbitan Olivate, Xanthan Gum, Centella Asiatica Extract, Propylene Glycol, Polygonum Cuspidatum Root Extract, Scutellaria Baicalensis Root Extract, Glycerin, Camellia Sinensis Leaf Extract, Dipropylene Glycol, Glycyrrhiza Glabra (Licorice) Root Extract, Mentha Piperita Leaf Extract, Chamomilla Recutita (Matricaria) Flower Extract, Polysorbate 60, Rosmarinus Officinalis (Rosemary) Leaf Extract, BHT, Tetrasodium EDTA, Potassium Sorbate, Sodium Benzoate.",50," Rp 30,875.00 ",https://shopee.co.id/NEW!-Emina-Sun-Battle-SPF-35-PA-Acne-Clear-Cica-Allantoin-Airy-Acne-Soothing-50-ml-Sunscreen-untuk-Melindungi-dari-sinar-UV-untuk-Kulit-Berminyak-Berjerawat-Sensitif.-Ringan-no-whitecast-fresh.-Teruji-in-vivo-non-acnegenic-non-comedogenic-i.63983008.27816696670?sp_atk=ebc9862b-ef7f-4895-a08c-4dd8d406bce0&xptdk=ebc9862b-ef7f-4895-a08c-4dd8d406bce0
SKIN AQUA,"Skin Aqua UV Sunscreen Moisture Gel SPF 50, PA++++",Sunscreen,"normal, oily ","Aqua (Water), Ethylhexyl Methoxycinnamate, Methylene Bis-Benzotriazolyl Tetramethylbutylphenol, Cyclopentasiloxane, Glycerin, Ethylhexyl Triazone, Polysorbate 60, Diethylamino Hydroxybenzoyl Hexyl Benzoate, Phenoxyethanol, Betaine, Ammonium Acrolyldimethyltaurate/VP Copolymer, Acrylates/C10-30 Alkyl Acrylate Crosspolymer, Triethanolamine, Panthenol, Hydrogenated Lecithin, Disodium EDTA, Methylparaben, Propylparaben, Sodium Hyaluronate, Arginine, Sodium Acetylated Hyaluronate (AcHA), Hydrolyzed Collagen, Dipotassium Glycyrrhizate, Ascorbyl Tetrahexyldecanoate, Tocopheryl Acetate",40," Rp 57,630.00 ",https://shopee.co.id/Skin-Aqua-UV-Sunscreen-Moisture-Gel-SPF-50-PA-40gr-i.78713320.6310202325?sp_atk=569f1c20-2d25-4c6d-b894-523489b958d8&xptdk=569f1c20-2d25-4c6d-b894-523489b958d8
SKIN AQUA,Skin Aqua UV Sunscreen Mild Milk SPF 50 PA++++,Sunscreen,"sensitive, berjerawat","Aqua (Water), Ethylhexyl Methoxycinnamate, Polymethyl Methacrylate, Caprylyl Methicone, Diglycerin, Butylene Glycol, Methylene Bis-Benzotriazolyl Tetramethylbutylphenol, Bis-Ethylhexylophenol Methoxyphenol Triazine, Polysorbate 60, Ethylhexyl Triazone, Betaine, Phenoxyethanol, Ammonium Acrolyldimethyltaurate/ VP Copolymer, Decyl Glucoside, Arginine, Acrylates/C10-30 Alkyl Acrylate Crosspolymer, Methylparaben, Tocopheryl Acetate, Propylparaben, Disodium EDTA, Allantoin, Sodium Hyaluronate, Propylene Glycol, Xanthan Gum, Hydrolyzed Collagen, Polyquaternium-51",40," Rp 70,000.00 ",https://shopee.co.id/Skin-Aqua-UV-Sunscreen-Mild-Milk-SPF-50-PA-40gr-(Protection-against-UV-A-UV-B)-i.78713320.3710298779?sp_atk=96dcedbd-66fc-430d-b055-4c668c64d49f&xptdk=96dcedbd-66fc-430d-b055-4c668c64d49f
SKIN AQUA,"Skin Aqua UV Sunscreen Moisture Milk SPF 50+, PA+++",Sunscreen,normal,"Aqua (Water), Cyclopentasiloxane, Ethylhexyl Methoxycinnamate, Zinc Oxide, Isononyl Isononanoate, Polymethylsillsesquioxane, Butylene Glycol, Glycerin, Silica, Lauroyl Lysine, Lauryl PEG-9 Polydimethylsiloxyethyl Dimethicone, Diethylamino Hydroxybenzoyl Hexyl Benzoate, Acrylates/Dimethicone Copolymer, Dimethicone, Triethoxysilyethyl Polydimethylsiloxyethyl Hexyl Dimethicone, Methylparaben, Propylparaben, Disodium EDTA, Tocopheryl Acetate, Sodium Hyaluronate, Sodium Acetylated Hyaluronate (AcHA), Panthenol, Dipotassium Glycyrrhizate, Hydrolyzed Collagen",40," Rp 70,000.00 ",https://shopee.co.id/Skin-Aqua-UV-Sunscreen-Moisture-Milk-SPF-50-PA-40gr-(Protection-against-UV-A-and-UV-B)-i.78713320.7410201446?sp_atk=ef280331-291c-461b-a766-e81c8f00c251&xptdk=ef280331-291c-461b-a766-e81c8f00c251
WARDAH,Wardah UV Shield Airy Smooth Sunscreen Serum SPF 50 PA++++,Sunscreen,oily,"Aqua, Ethylhexyl Methoxycinnamate, Butylene Glycol, Niacinamide, Butyl Methoxydibenzoylmethane, Octocrylene, Butyloctyl Salicylate, Cyclopentasiloxane, Pentylene Glycol, Vinyl Dimethicone/Methicone Silsesquioxane Crosspolymer, Arachidyl Alcohol, Aluminum Starch Octenylsuccinate, Bisabolol, Alpha-Arbutin, Actinidia Polygama Fruit Extract, Leontopodium Alpinum Extract, Ammonium Acryloyldimethyltaurate/VP Copolymer, Behenyl Alcohol, Arachidyl Glucoside, Fragrance, Sodium Hydroxide, Glycerin, Citric Acid, Potassium Sorbate, Sodium Benzoate, Chlorphenesin, Phenoxyethanol.
",25," Rp 34,500.00 ",https://shopee.co.id/Wardah-UV-Shield-Airy-Smooth-Sunscreen-Serum-SPF-50-PA-Sunscreen-matte-dan-ringan-i.59763733.19093091174?sp_atk=92801ee9-d623-4cd1-84a5-eb34b55d5d6d&xptdk=92801ee9-d623-4cd1-84a5-eb34b55d5d6d
WARDAH,Wardah UV Shield Airy Smooth Sunscreen Serum SPF 50 PA++++,Sunscreen,oily,"Aqua, Ethylhexyl Methoxycinnamate, Butylene Glycol, Niacinamide, Butyl Methoxydibenzoylmethane, Octocrylene, Butyloctyl Salicylate, Cyclopentasiloxane, Pentylene Glycol, Vinyl Dimethicone/Methicone Silsesquioxane Crosspolymer, Arachidyl Alcohol, Aluminum Starch Octenylsuccinate, Bisabolol, Alpha-Arbutin, Actinidia Polygama Fruit Extract, Leontopodium Alpinum Extract, Ammonium Acryloyldimethyltaurate/VP Copolymer, Behenyl Alcohol, Arachidyl Glucoside, Fragrance, Sodium Hydroxide, Glycerin, Citric Acid, Potassium Sorbate, Sodium Benzoate, Chlorphenesin, Phenoxyethanol.
",40," Rp 54,280.00 ",https://shopee.co.id/Wardah-UV-Shield-Airy-Smooth-Sunscreen-Serum-SPF-50-PA-Sunscreen-matte-dan-ringan-i.59763733.19093091174?sp_atk=92801ee9-d623-4cd1-84a5-eb34b55d5d6d&xptdk=92801ee9-d623-4cd1-84a5-eb34b55d5d6d
WARDAH,ardah UV Shield Aqua Fresh Sunscreen Serum SPF 50 PA++++,Sunscreen,dry skin,"Aqua, Ethylhexyl Methoxycinnamate, Ethylhexyl Salicylate, Homosalate, Butyl Methoxydibenzoylmethane, Octocrylene, Polymethyl Methacrylate, Butylene Glycol, Butyloctyl Salicylate, Bis-Ethylhexyloxyphenol Methoxyphenyl Triazine, Cyclopentasiloxane, Polyurethene-79, Arachidyl Alcohol, Polyester-7, Behenyl Alcohol, Bisabolol, Nylon-12, Phenoxyethanol,, Polyacrylate Crosspolymer-6, Caprylic/Capric Triglycerides, Neopentyl Glycol Diheptanoate, Chlorphenesin, Arachidyl Glucoside, Propanediol, Polyacrylate-13, Disodium EDTA, Fragrance, Polyisobutene, Pongamia Glabra Seed Oil, Polysorbate 20 , Artemisia Capillaris Flower Extract.",30," Rp 56,120.00 ",https://shopee.co.id/Wardah-UV-Shield-Aqua-Fresh-Sunscreen-Serum-SPF-50-PA-30-ml-Sunscreen-yang-Melembabkan-Kulit-Kering-Memperbaiki-Skin-Barrier-Melindungi-Kulit-secara-Maksimal-Ringan-Cepat-Meresap-Tidak-Lengket-No-Whitecast-Non-comedogenic-0-Alkohol-i.59763733.6942920160?sp_atk=073206ee-f8b3-4d8e-869f-a5e0fdf8c065&xptdk=073206ee-f8b3-4d8e-869f-a5e0fdf8c065
WARDAH,Wardah UV Shield Essential Sunscreen Gel SPF 35 PA +++,Sunscreen,normal,"Aqua, Ethylhexyl Methoxycinnamate, Butyloctyl Salicylate, Butyl Methoxydibenzoylmethane, Octocrylene, Propylene Glycol, Hydroxyethyl Acrylate/Sodium Acryloyldimethyl Taurate Copolymer, Tocopheryl Acetate, Phenoxyethanol, Sodium Acrylates Copolymer, Chlorphenesin, Propanediol, Lecithin, Allantoin, Panthenol, Disodium EDTA, Fragrance, Ethylhexylglycerin, Artemisia Capillaris Flower Extract.",40," Rp 34,500.00 ",https://shopee.co.id/Wardah-UV-Shield-Essential-Sunscreen-Gel-SPF-35-PA-40-ml-Sunscreen-Wajah-0-Alkohol-dengan-Vitamin-C-Niacinamide-Brightening-Hydrating-Skin-Healthy-Glow-Tekstur-Ringan-Tidak-Lengket-Melembabkan-Mencegah-Penuaan-Dini-Semua-Jenis-Kulit-i.59763733.4656131375?sp_atk=971f23c0-b801-48b8-9e2f-31667659c452&xptdk=971f23c0-b801-48b8-9e2f-31667659c452
WARDAH,Wardah UV Shield Acne Calming Sunscreen Serum SPF 50 PA++++,Sunscreen,acne,"Aqua, Propanediol, Ethylhexyl Methoxycinnamate, Butyl Methoxydibenzoylmethane, Polymethyl Methacrylate, Butylene Glycol, Octocrylene, Ammonium Acryloyldimethyltaurate/VP Copolymer, Niacinamide, 1,2-Hexanediol, Ethylhexyl Triazone, Cetearyl Olivate, Panthenol, Glycerin, Allantoin, Chlorphenesin, Propylene Glycol, Salicylic Acid, Xanthan Gum, Disodium EDTA, Lecithin, Sorbitan Olivate, Caprylhydroxamic Acid, Glycyrrhiza Glabra (Licorice) Root Extract, Aminomethyl Propanol, Phenoxyethanol, Artemisia capillaris flower Extract, Camellia Sinensis Leaf Extract, Haberlea Rhodopensis Leaf Extract, BHT, Potassium Sorbate, Sodium Benzoate, Citric Acid.
",25," Rp 37,500.00 ",https://shopee.co.id/NEW!-Wardah-UV-Shield-Acne-Calming-Sunscreen-Serum-SPF-50-PA--i.59763733.24480446581?sp_atk=ffb8cf87-59a4-4282-b7f8-2ce34e0437df&xptdk=ffb8cf87-59a4-4282-b7f8-2ce34e0437df
UNITARY,Unitary Watery Essence Oil Control Sunscreen for Oily Skin SPF 50+ PA++++,Sunscreen,oily,"Ethylhexyl Methoxycinnamate, Alcohol, Isopropyl Palmitate, Butylene Glycol, Diethylamino Hydroxybenzoyl Hexyl Benzoate, Xylitol, Ethylhexyl Triazone, Bisethylhexyloxyphenol Methoxyphenyl Triazine, Hydrogenated Polyisobutene, Dimethicone, Acrylates/​C10-30 Alkyl Acrylate Crosspolymer, Vp/​Acrylates/​Lauryl Methacrylate Copolymer, Dextrin Palmitate, Vinyl Dimethicone/​Methicone Silsesquioxane Crosspolymer, Glycerin, Phenoxyethanol, Propylene Glycol, Polyglyceryl-3 Methylglucose Distearate, Neopentyl Glycol Dicaprate, Parfum, Methylparaben, Sodium Hydroxide, Octocrylene",50," Rp 49,000.00 ",https://shopee.co.id/Unitary-Watery-Essence-Oil-Control-Sunscreen-for-Oily-Skin-SPF-50-PA-Skin-Hydrating-Revitalizing-Waterproof-UV-Shield-Block-Sun-Damage-Prevent-Skin-Aging-50-ML-i.998472598.22074289310?sp_atk=e394b499-fe01-4797-b46a-47c498627df9&xptdk=e394b499-fe01-4797-b46a-47c498627df9
UNITARY,UNITARY Sun Face Protection Serum SPF 50+ PA++++,Sunscreen,sensitive,"Water, Homosalate, Octocrylene, Butyl Methoxydibenzoylmethane, Ethylhexyl Salicylate, Cyclopentasiloxane, Polymethylsilsesquioxane, Dimethicone, Glycerin, Alcohol, Phenylbenzimidazole Sulfonic Acid, Cetearyl Alcohol, Behenyl Alcohol, Dimethicone Crosspolymer, Sodium Hydroxide, Phenoxyethanol, Sodium Stearoyl Glutamate, Acrylates/​C10-30 Alkyl Acrylate Crosspolymer, Tocopheryl Acetate, Titanium Dioxide, Methylparaben",30," Rp 49,000.00 ",https://shopee.co.id/%E3%80%90Ready-Stock%E3%80%91UNITARY-Sun-Face-Protection-Serum-SPF-50-PA--i.998472598.23774293558?sp_atk=4f0491df-fa24-47bf-a05b-94d4266d2d96&xptdk=4f0491df-fa24-47bf-a05b-94d4266d2d96
UNITARY,UNITARY Sun Block Moisturizer Facial SPF 50+ PA++++,Sunscreen,dry skin,"Water, C12-15 Alkyl Benzoate, Butylene Glycol, Ethylhexyl Methoxycinnamate, Cyclopentasiloxane, Cetearyl Alcohol, PEG-100 Stearate, Glyceryl Stearate, Cyclohexasiloxane, Octocrylene, Butyl Methoxydibenzoylmethane, Potassium Cetyl Phosphate, Methylene Bis-Benzotriazolyl Tetramethylbutylphenol, 1,2-Hexanediol, Hydroxyacetophenone, Propanediol, Silica, Palmitic Acid, Sodium Acrylate/​Sodium Acryloyldimethyl Taurate Copolymer, Tocopheryl Acetate, Parfum, Stearic Acid, Arginine, Isohexadecane",50," Rp 49,000.00 ",https://shopee.co.id/%E3%80%90Ready-Stock%E3%80%91UNITARY-Sun-Block-Moisturizer-Facial-SPF-50-PA--i.998472598.23874279575?sp_atk=d0b68ade-6b16-47ca-a150-2c2158367346&xptdk=d0b68ade-6b16-47ca-a150-2c2158367346
AVOSKIN,Sunscreen Avoskin The Great Shield SPF 50 PA++++ 5ml-Kulit Berminyak,Sunscreen,oily,"Water, Butyloctyl Salicylate, Diethylamino Hydroxybenzoyl Hexyl Benzoate, Nylon-12, Dibutyl Adipate, Phenethyl Benzoate, Ethylhexyl Triazone, Polysilicone-15, Bis-Ethylhexyloxyphenol Methoxyphenyl Triazine, Silica, Polyglyceryl-6 Stearate, Terephthalylidene Dicamphor Sulfonic Acid, 1,2-Hexanediol, C20-22 Alkyl Phosphate, Tromethamine, Caprylic/Capric Triglyceride, C20-22 Alcohols, Hydroxyacetophenone, Sodium Polyacryloyldimethyl Taurate, Polyacrylate Crosspolymer-6, Hydrogenated C6-20 Polyolefin, Butylene Glycol, PVP, Polyglyceryl-6 Behenate, Sodium Hyaluronate, 3-O-Ethyl Ascorbic Acid, Allantoin, HDI/Trimethylol Hexyllactone Crosspolymer, Anthemis Nobilis Flower Extract, t-Butyl Alcohol.",5," Rp 57,000.00 ",https://shopee.co.id/Sunscreen-Avoskin-The-Great-Shield-SPF-50-PA-5ml-Kulit-Berminyak-i.154494405.5659672032?keyword=sunscreen&shop=154494405
AVOSKIN,Sunscreen Avoskin Your Skin Bae Shield of Sun SPF 50 PA++++,Sunscreen,normal,"Water, Butyloctyl Salicylate, Diethylamino Hydroxybenzoyl Hexyl Benzoate, Dibutyl Adipate, Phenethyl Benzoate, Ethylhexyl Triazone, Polysilicone-15 Bis-Ethylhexyloxyphenol Methoxyphenyl Triazine, Diphenylsiloxy Phenyl Trimethicone, Polyglyceryl-6 Stearate, Terephthalylidene Dicamphor Sulfoni Acid, Nylon-12, 1,2-Hexanediol, C20-22 Alkyl Phosphate, Tromethamine, Caprylic/Capric Triglyceride, C20-22 Alcohols, Hydroxyacetophenone, Sodium Polyacryloyldimethyl Taurate, Polyacrylate Crosspolymer-6, Hydrogenated C6-20 Polyolefin, Butylene Glycol, PVP, Polyglyceryl-6 Behenate, Sodium Hyaluronate, 3-O-Ethyl Ascorbic Acid, Allantoin, HDI/Trimethylol Hexyllactone Crosspolymer, Anthemis Nobilis Flower Extract.",5," Rp 41,000.00 ",https://shopee.co.id/-CLEARANCE-SALE-Travel-Sunscreen-Avoskin-Your-Skin-Bae-Shield-of-Sun-SPF-50-PA-5ml-ED-06-25-i.154494405.22764718219?sp_atk=a1394d6a-2c28-4baa-b0ce-bf9931f1e488&xptdk=a1394d6a-2c28-4baa-b0ce-bf9931f1e488
AVOSKIN,Sunscreen Avoskin Your Skin Bae Shield of Sun SPF 50 PA++++,Sunscreen,normal,"Water, Butyloctyl Salicylate, Diethylamino Hydroxybenzoyl Hexyl Benzoate, Dibutyl Adipate, Phenethyl Benzoate, Ethylhexyl Triazone, Polysilicone-15 Bis-Ethylhexyloxyphenol Methoxyphenyl Triazine, Diphenylsiloxy Phenyl Trimethicone, Polyglyceryl-6 Stearate, Terephthalylidene Dicamphor Sulfoni Acid, Nylon-12, 1,2-Hexanediol, C20-22 Alkyl Phosphate, Tromethamine, Caprylic/Capric Triglyceride, C20-22 Alcohols, Hydroxyacetophenone, Sodium Polyacryloyldimethyl Taurate, Polyacrylate Crosspolymer-6, Hydrogenated C6-20 Polyolefin, Butylene Glycol, PVP, Polyglyceryl-6 Behenate, Sodium Hyaluronate, 3-O-Ethyl Ascorbic Acid, Allantoin, HDI/Trimethylol Hexyllactone Crosspolymer, Anthemis Nobilis Flower Extract.",30," Rp 155,000.00 ",https://shopee.co.id/-CLEARANCE-SALE-Travel-Sunscreen-Avoskin-Your-Skin-Bae-Shield-of-Sun-SPF-50-PA-5ml-ED-06-25-i.154494405.22764718219?sp_atk=a1394d6a-2c28-4baa-b0ce-bf9931f1e488&xptdk=a1394d6a-2c28-4baa-b0ce-bf9931f1e488
NIVEA,NIVEA SUN Face Serum Extra Protect Aura SPF50+ PA+++,Sunscreen,Dry Skin,"Aqua, homosalate, polymethylsilsesquioxane, butyll methoxydibenzoyl methane, ethylhexyl salicylate, octocrylene, dimethicone, glycerin, phenylbenzimidazole, sulfonic acid, cyclomethicone, alcohol denat, behenyl alcohol, cetearyl alcohol, phenoxyethanol, dimethicone crosspolymer, sodium hydroxide, CI 77891, ethylparaben, methylparaben, sodium steacoyl glutamate, trisodium EDTA, acrylates/C10-30 alkyl acrylate crosspolymer, tocopheryl acetate, xantam gum, mica, sodium chloride, glyceryl glucoside.
",30," Rp 54,000.00 ",https://shopee.co.id/NIVEA-SUN-Face-Serum-Extra-Protect-Aura-SPF50-PA-30ml-Membantu-rona-wajah-tampak-cerah-i.39283823.2236513089?sp_atk=c249cfc2-c1cd-4ada-bd7b-2bbd6caba0fe&xptdk=c249cfc2-c1cd-4ada-bd7b-2bbd6caba0fe
NIVEA,NIVEA SUN Face Serum Triple Protect Acne Oil Control SPF50+ PA+++,Sunscreen,Acne,"Aqua, Homosalate, Alcohol Denat, Butyl Methoxydibenzoylmethane, Ethylhexyl Salicylate, Octocrylene, Distarch Phosphate, Dimethicone, Phenylbenzimidazole Sulfonic Acid, Behenyl Alcohol, Cetearyl Alcohol, Glycerin, Methylpropanediol, Silica Dimethyl Silylate, Mineral Salts, Carnitine, Glycyrrhiza Inflata Root Extract, Isoamyl Laurate, Sodium Stearoyl Glutamate, Dimethicone Crosspolymer, Carbomer, Acrylates/​C10-30 Alkyl Acrylate Crosspolymer, Xanthan Gum, Silica, Mica, Sodium Hydroxide, Trisodium EDTA, Phenoxyethanol, Ethylhexylglycerin, Sodium Chloride, Parfum, Ci 77891",40," Rp 97,100.00 ",https://shopee.co.id/NIVEA-SUN-Face-Serum-Triple-Protect-Acne-Oil-Control-SPF50-PA-40ml-Untuk-kulit-berjerawat-i.39283823.21020901237?sp_atk=aca46e23-7ae3-4ca5-bdaa-e511ad4073f4&xptdk=aca46e23-7ae3-4ca5-bdaa-e511ad4073f4
NIVEA,NIVEA SUN Face Serum Extra Protect Oil Control SPF50+ PA+++,Sunscreen,Oily,"Aqua, homosalate, polymethylsilsesquioxane, butyll methoxydibenzoyl methane, ethylhexyl salicylate, octocrylene, alcohol denat, tapioca starch, phenylbenzimidazole, sulfonic acid, cyclomethicone, behenyl alcohol, cetearyl alcohol, methylpropanediol, silica dimethyl silylate, glycerin, phenoxyethanol, carnitine, sodium hydroxide, sodium steacoyl glutamate, ethylhexyglycerin, trisodium EDTA, acrylates/C10-30 alkyl acrylate crosspolymer, carbomer, glycyrrhetinic acid, xantan gum, sodium chloride.",30," Rp 54,000.00 ",https://shopee.co.id/NIVEA-SUN-Face-Serum-Extra-Protect-Oil-Control-SPF50-PA-30ml-Mengontrol-minyak-berlebih-i.39283823.2236513091?sp_atk=aa3a536c-2f49-4974-bd17-0d52a0e51002&xptdk=aa3a536c-2f49-4974-bd17-0d52a0e51002
THE ORIGINOTE,The Originote Ceramella Sunscreen SPF50 PA+++,Sunscreen,normal,"Water, ethylhexyl methoxycinnamate, octocrylene, ethylhexyl salicylate, isododecane, silica, glycerin, propylene glycol, pentylene glycol, bis-ethylhexyloxyphenol methoxyphenyl triazine, cetyl alcohol, phenoxyethanol, polymethylsilsesquioxane, niacinamide, polysorbate 80, panthenol, tremella fuciformis polysaccharide, ethylhexylglycerin, disodium EDTA, zinc oxide, Sodium hyaluronate, Butylene glycol, 3-o-ethyl ascorbic acid, caprylic/capric triglyceride, avena sativa (oat) extract, artemisia argyi leaf extract, hydrogenated lecithin, behenyl alcohol, octyldodecanol, hydroxyacetophenone, ceramide NP, ceramide AP, ceramide NS/ceramide NG, hyaluronic acid, retinol ",50," Rp 41,000.00 ",https://shopee.co.id/The-Originote-Ceramella-Sunscreen-SPF50-PA-Serum-Sunscreen-untuk-Skin-Barrier-Protect-Melindungi-dari-Sinar-Matahari-with-Ceramide-Vitamin-C-i.710619388.17586667322?sp_atk=2d191aac-e084-494a-ada7-f69dd0e19f30&xptdk=2d191aac-e084-494a-ada7-f69dd0e19f30
THE ORIGINOTE,The Originote Hyalucera Gel Sunscreen SPF 40 PA+++,Sunscreen,normal,"Water, Cyclopentasiloxane, Phenylbenzimidazole Sulfonic Acid, Glycerin, Centella Asiatica Leaf Water, Dimethicone, Tromethamine, Polyphenylsilsesquioxane, Terephthalylidene Dicamphor Sulfonic Acid, Vinyl Dimethicone, Panthenol, PEG/PPG-17/6 Copolymer, Dimethicone/Vinyl Dimethicone Crosspolymer, Glyceryl Glucoside, Dimethicone/PEG-10/15 Crosspolymer, PEG-10 Dimethicone, Hexylene Glycol, Hydroxyacetophenone, Dipotassium Glycyrrhizate, Butylene Glycol, Fragrance(Parfum), Dipropylene Glycol, Sodium Citrate, 1,2-Hexanediol, Tocopherol, Hyaluronic Acid, Ethylhexylglycerin, Hydrolyzed Hyaluronic Acid, Sodium Hyaluronate, Caprylic/Capric Triglyceride, Hydrogenated Lecithin, Chlorella Vulgaris Extract, Ceramide NP",30," Rp 23,900.00 ",https://shopee.co.id/The-Originote-Hyalucera-Gel-Sunscreen-SPF-40-PA-Tabir-Surya-untuk-Skin-Barrier-dan-Melindungi-dari-Sinar-Matahari-with-Hyaluronic-Acid-Ceramide-i.710619388.28808859448?sp_atk=d81b325c-a492-4222-b4bb-f941b5b6cb36&xptdk=d81b325c-a492-4222-b4bb-f941b5b6cb36
SOMETHINC,SOMETHINC Holyshield! UV Watery Sunscreen Gel SPF 50+ PA++++,Sunscreen,normal,"Aqua, Ethylhexyl Methoxycinnamate, Butylene Glycol, Butyl Methoxydibenzoylmethane, Octocrylene, Ammonium Polyacryloyldimethyl Taurate, Polymethylmethacrylate, Phenoxyethanol, Propylene Glycol, Flavour, Triethanolamine, Trimethoxybenzylidene Pentanedione, Polyglyceryl-4 Caprate, Lecithin, Disodium EDTA, Ethylhexylglycerin, Caesalpinia Spinosa Fruit Pod Extract, Helianthus Annuus Sprout Extract, Sodium Benzoate",15," Rp 43,159.00 ",https://shopee.co.id/-In-Vivo-In-Vitro-Certified-TASYA-FARASYA-APPROVED-SOMETHINC-Holyshield!-UV-Watery-Sunscreen-Gel-SPF-50-PA-Sunscreen-Sensasi-Salju-i.195455930.14483006210?sp_atk=82e52abe-4284-4d9f-8a34-53acb49e0376&xptdk=82e52abe-4284-4d9f-8a34-53acb49e0376
SOMETHINC,SOMETHINC Holyshield! UV Watery Sunscreen Gel SPF 50+ PA++++,Sunscreen,normal,"Aqua, Ethylhexyl Methoxycinnamate, Butylene Glycol, Butyl Methoxydibenzoylmethane, Octocrylene, Ammonium Polyacryloyldimethyl Taurate, Polymethylmethacrylate, Phenoxyethanol, Propylene Glycol, Flavour, Triethanolamine, Trimethoxybenzylidene Pentanedione, Polyglyceryl-4 Caprate, Lecithin, Disodium EDTA, Ethylhexylglycerin, Caesalpinia Spinosa Fruit Pod Extract, Helianthus Annuus Sprout Extract, Sodium Benzoate",50," Rp 110,875.00 ",https://shopee.co.id/-In-Vivo-In-Vitro-Certified-TASYA-FARASYA-APPROVED-SOMETHINC-Holyshield!-UV-Watery-Sunscreen-Gel-SPF-50-PA-Sunscreen-Sensasi-Salju-i.195455930.14483006210?sp_atk=82e52abe-4284-4d9f-8a34-53acb49e0376&xptdk=82e52abe-4284-4d9f-8a34-53acb49e0376
SCARLETT WHITENING,Scarlett Whitening Sunscreen Sun Bright Daily SPF 50 PA+++,Sunscreen,normal,"Aqua, Ethylhexyl Methoxycinnamate, Homosalate, Butylmethoxydibenzoylmethane, Phenylbenzimidazole Sulfonic Acid, Ethylhexyl Salicylate, Octocrylene, Cetearyl Alcohol, Butylene Glycol, Glyserin, Glyceryl Stearate, PEG-100 Stearate, Polyacrylate Crosspolymer-11, Trimethoxybenzylidene Pentanedione, Phenoxyethanol, Bis-Ethylhexyloxyphenol Methoxyphenyl Triazine, Arisaema Amurense Extract, BHT, Bisabolol, Silica, Aloe Barbadensis Leaf Extract, Aminomethyl Propanol, Allantoin, Decyl Glucoside, Panthenol, Glycine Soja Oil, Tocopheryl Acetate, Disodium EDTA, T-Butyl Alcohol, 1,2-Hexanediol, Theobroma Cacoa Seed Extract, 2-Aminobutanol",50," Rp 59,000.00 ",https://shopee.co.id/Scarlett-Whitening-Sunscreen-Sun-Bright-Daily-SPF-50-PA-Sunblock-Wajah-i.255365082.22718649419?sp_atk=221d7ba9-fd32-4365-917a-303b66ec028a&xptdk=221d7ba9-fd32-4365-917a-303b66ec028a
SCARLETT WHITENING,Scarlett Whitening Ultra Light Daily Sunscreen SPF 50+ PA++++,Sunscreen,oily,"Water, Ethylhexyl Methoxycinnamate, Glyserin, Butylmethoxydibenzoylmethane, Niacinamide, Silica, Polymethyl Methacrylate, Octocrylene, Propanediol, Panthenol, Butylene Glycol, Ammonium Acryloyldimethyl Taurate Vp Copolymer, Allantoin, Phenoxyethanol, Caprylyl Glycol, Xanthan Gum, Theobroma Cacao Seed Extract, 1,2-Hexanediol, Sodium Hyaluronate, Hyaluronic Acid, Hydrolyzed Hyaluronic Acid, Titanium Dioxide, Hydroxypropyltrimonium Hyaluronate, Hydrolyzed Sodium Hyaluronate, Sodium Acetylated Hyaluronate, PEG-9 Diglycidyl Ether/​Sodium Hyaluronate Crosspolymer, Potassium Hyaluronate, Aluminium Hydroxide, Stearic Acid, Ceteareth-25, Cetyl Alcohol, Behenic Acid, Ceramide NP, Cholesterol, Ceramide NS, Ethylhexylglycerin, Ceramide EOP, Ceramide AP, Copper Tripeptide-1, Ceramide EOS, Dimethylsilanol Hyaluronate, Acetyl Hexapeptide-8, Caprooyl Phytosphingosine, Caprooyl Sphingosine, Sodium Benzoate",50," Rp 59,000.00 ",https://shopee.co.id/-Oily-Skin-Friendly-Scarlett-Whitening-Ultra-Light-Daily-Sunscreen-SPF-50-PA-Water-Based-Meresap-20an-Detik-(Super-Ringan)-dengan-7X-Ceramide-9X-Hyaluronic-Acid-No-Whitecast-i.255365082.23754646706?sp_atk=75d75729-4c31-4edf-b21d-879ad44acc25&xptdk=75d75729-4c31-4edf-b21d-879ad44acc25
CETAPHIL,Cetaphil UVA/UVB Defense sunscreen SPF50+ PA++++,Sunscreen,sensitive," Octyl Salicylate, Titanium Dioxide, Butyl Methoxydibenzoylmethane, Ecamsule, Bemotrizinol, Octocrylene, Ethylhexyl Triazone, Drometrizole Trisiloxane
Inactive Ingredients: Water, C12-15 Alkyl Benzoate, Glycerin, Propylene Glycol, Cyclomethicone, Stearic Acid, Glyceryl Stearate, PEG-100 Stearate, Potassium Cetyl Phosphate, Dimethicone, Liquid Paraffin, Myristyl Myristate, Methyl Methacrylate Crosspolymer, Nylon-12, Trolamine, Ammonium Polyacryloyldimethyl Taurate, Aluminum Hydroxide, Stearyl Alcohol, Tocopherol, Hydrogenated Soybean Oil, Disodium Edetate, Hypromellose, Sodium Chloride, Phenoxyethanol, Methyl Hydroxybenzoate, Ethyl Hydroxybenzoate, Propyl Hydroxybenzoate",50," Rp 85,000.00 ",https://shopee.co.id/Cetaphil-UVA-UVB-Defense-sunscreen-SPF50-PA-50ml-Sunblock-untuk-Perawatan-Wajah-i.792542156.28808052152?sp_atk=a0af2123-a37b-4840-8a0f-cec6f34f4158&xptdk=a0af2123-a37b-4840-8a0f-cec6f34f4158
BIORE,Biore UV Aqua Rich Sunscreen Glowing Natural Light Up Essence SPF 50 PA++++,Sunscreen,oily,"Water, Ethylhexyl Methoxycinnamate, Ethanol, BG, Isopropyl Palmitate, Titanium Oxide, Bisethylhexyloxyphenol Methoxyphenyl Triazine, Ethylhexyl Triazone, Dimethicone Crosspolymer (Lauryl Methacrylate /​ Na Methacrylate), Hydrogenated Polyisobutene, Diethylaminohydroxy Hexyl Benzoyl Benzoate, Silica, Hydrous Silica, Mica, Dextrin Palmitate, Dipentaerythrityl Tri-Polyhydroxystearate, (Acrylate /​ Alkyl Acrylate (C10-30)) Crosspolymer, Triethoxycaprylylsilane, Cetanol, Glyceryl Stearate, Hydroxyethyl Cellulose, Polysorbate 60, Polysilicone-9, Al Hydroxide, K Hydroxide, Royal Jelly Extract, Na Hyaluronate, Tin Oxide, Phenoxyethanol, Methylparaben, EDTA 2Na, BHT, Fragrance
",70," Rp 77,000.00 ",https://shopee.co.id/Biore-UV-Aqua-Rich-Sunscreen-Glowing-Natural-Light-Up-Essence-SPF-50-PA-70g-menyegarkan-dan-tidak-berminyak-i.1386701123.28517567896?sp_atk=74a6ede0-d36f-45f3-ba91-356f6fd251a0&xptdk=74a6ede0-d36f-45f3-ba91-356f6fd251a0
BIORE,Biore UV Aqua Rich Watery Essence with Micro Defense SPF 50+ PA++++,Sunscreen,dry skin,"Water, Alcohol, Ethylhexyl Methoxycinnamate, Ethylhexyl Triazone, Isopropyl Palmitate, Lauryl Methacrylate/​Sodium Methacrylate Crosspolymer, Diethylamino Hydroxybenzoyl Hexyl Benzoate, Hydrogenated Polyisobutene, Bis-Ethylhexyloxyphenol Methoxyphenyl Triazine, Dextrin Palmitate, Butylene Glycol, Xylitol, Acrylates/​C10-30 Alkyl Acrylate Crosspolymer, Dimethicone, C12-15 Alkyl Benzoate, Glycerin, Propanediol, Glyceryl Stearate, Glyceryl Behenate, Vinyl Dimethicone/​Methicone Silsesquioxane Crosspolymer, Potassium Hydroxide, Cetyl Alcohol, Agar, Sorbitan Distearate, Isoceteth-20, Polyvinyl Alcohol, Dimethicone/​Vinyl Dimethicone Crosspolymer, Stearoyl Glutamic Acid, Arginine, Disodium EDTA, Fragrance, BHT, Sodium Hydroxide, Tocopherol, Royal Jelly Extract, Sodium Hyaluronate, Phenoxyethanol, Methylparaben",50," Rp 66,900.00 ",https://shopee.co.id/Biore-UV-Aqua-Rich-Watery-Essence-Sunscreen-Sun-screen-Sunblock-SPF-50-PA-Waterproof-50GR-Double-UV-Filter-Melembabkan-kulit-Anti-Jerawat-Anti-Alergi-Made-in-Japan-i.36092728.624582458?sp_atk=46d131e2-7f51-434a-b9a8-f9f9fedc2a71&xptdk=46d131e2-7f51-434a-b9a8-f9f9fedc2a71
BIORE,Biore UV Fresh & Bright Oil Control Skin Care Sunscreen Sun screen Sunblock Cream SPF 50 PA++++,Sunscreen,oily,"Water, Alcohol Denat, Zinc Oxide (Nano), Ethylhexyl Methoxycinnamate, Ethylhexyl Triazone, Sorbitan Sesquioleate, Neopentyl Glycol Dicaprate, Neopentyl Glycol Diethylhexanoate, Butylene Glycol, Niacinamide, Behenyl Alcohol, Diethylamino Hydroxybenzoyl Hexyl Benzoate, Sodium Acrylate/​Sodium Acryloyldimethyl Taurate Copolymer, Bis-Ethylhexyloxyphenol Methoxyphenyl Triazine, Isohexadecane, Triethoxycaprylylsilane, Polysorbate 60, Polysorbate 80, Xanthan Gum, Disodium EDTA, Tocopheryl Acetate, BHT, Tocopherol",30," Rp 24,900.00 ",https://shopee.co.id/Biore-UV-Fresh-Bright-Oil-Control-Skin-Care-Sunscreen-Sun-screen-Sunblock-Cream-SPF-50-PA-Waterproof-30-Gr-Kulit-Tampak-Tak-Berminyak-i.36092728.18820254967?sp_atk=7fb401e8-4ae6-4286-8b1b-0374f4e9b2ca&xptdk=7fb401e8-4ae6-4286-8b1b-0374f4e9b2ca
BIORE,Biore UV Fresh & Bright Tinted Cover Skin Care Sunscreen Sun Screen Sunblock Cream SPF 50+ PA+++,Sunscreen,normal,"Water, Alcohol Denat., Zinc Oxide (nano), Ethylexyl Methoxycinnamate, Ethylexyl Triazone, Sorbitan Sesquioleate, Neopentyl Glycol Diethylhexanoate, Butylene Glycol, Neopentyl Glycol Dicaprate, Niacinimide, Behenyl Alcohol, Diethylamino Hydroxybenzoyl Hexyl Benzoate, Sodium Acrylate/Sodium Acyloyldimethyl Taurate Copolymer, Bis-Ethylexyloxyphenol Methoxyphenyl Triazine, Isohexadecane, Triethoxycaprylysilane, Polysorbate 60, Polysorbate 80, Xanthan Gum, Disodium EDTA, Tocopheryl Acetate, BHT, Tocopherol, Aluminum Hydroxide, Dimethicone, Sorbitan Oleate, CI 77491, CI 77492, CI77499, CI 77891",30," Rp 21,900.00 ",https://shopee.co.id/Biore-UV-Fresh-Bright-Tinted-Cover-Skin-Care-Sunscreen-Sun-Screen-Sunblock-Cream-SPF-50-PA-30-Gr-Samarkan-Noda-Hitam-i.36092728.18020255398?sp_atk=62d47009-4d95-44af-a593-5a5c4c837b1a&xptdk=62d47009-4d95-44af-a593-5a5c4c837b1a
LA ROCHE POSAY,La Roche Posay Anthelios UVMune 400 Gel-Cream SPF50+ PA++++ 50ml,Sunscreen,acne,"Aqua/​Water/​Eau, Diisopropyl Sebacate, Silica, Alcohol Denat, Ethylhexyl Salicylate, Ethylhexyl Triazone, Bis-Ethylhexyloxyphenol Methoxyphenyl Triazine, Diisopropyl Adipate, PEG-8, Dipropylene Glycol, C12-22 Alkyl Acrylate/​Hydroxyethylacrylate Copolymer, Glycerin, Drometrizole Trisiloxane, Aluminum Starch Octenylsuccinate, Butyl Methoxydibenzoylmethane, Methoxypropylamino Cyclohexenylidene Ethoxyethylcyanoacetate, Tocopherol, Diethylamino Hydroxybenzoyl Hexyl Benzoate, Acrylates Copolymer, Acrylates/​C10-30 Alkyl Acrylate Crosspolymer, Bixa Orellana Seed Extract, Caprylyl Glycol, Citric Acid, Hydroxyacetophenone, Maltodextrin, Pentaerythrityl Tetra-Di-T-Butyl Hydroxyhydrocinnamate, Pentylene Glycol, Silica Silylate, Sodium Polyacrylate, Terephthalylidene Dicamphor Sulfonic Acid, Triethanolamine, Trisodium Ethylenediamine Disuccinate, Zinc Pca",50," Rp 376,000.00 ",https://shopee.co.id/La-Roche-Posay-Anthelios-UVMune-400-Gel-Cream-SPF50-PA-50ml-Sunscreen-Kulit-Jerawat-Berminyak-i.433144176.9751393958?sp_atk=a1fbc9c5-6d74-4cc7-801b-bd8bca1dd746&xptdk=a1fbc9c5-6d74-4cc7-801b-bd8bca1dd746
LA ROCHE POSAY,La Roche Posay Anthelios UVMune 400 Invisible Fluid SPF50+ PA++++,Sunscreen,acne,"Aqua/​Water/​Eau, Alcohol Denat, Triethyl Citrate, Diisopropyl Sebacate, Silica, Ethylhexyl Salicylate, Bis-Ethylhexyloxyphenol Methoxyphenyl Triazine, Ethylhexyl Triazone, Butyl Methoxydibenzoylmethane, Glycerin, Propanediol, C12-22 Alkyl Acrylate/​Hydroxyethylacrylate Copolymer, Methoxypropylamino Cyclohexenylidene Ethoxyethylcyanoacetate, Perlite, Tocopherol, Caprylic/​Capric Triglyceride, Acrylates/​C10-30 Alkyl Acrylate Crosspolymer, Caprylyl Glycol, Diethylamino Hydroxybenzoyl Hexyl Benzoate, Drometrizole Trisiloxane, Hydroxyethylcellulose, Terephthalylidene Dicamphor Sulfonic Acid, Triethanolamine, Trisodium Ethylenediamine Disuccinate, Parfum/​Fragrance",15," Rp 224,500.00 ",https://shopee.co.id/La-Roche-Posay-Anthelios-UVMune-400-Invisible-Fluid-SPF50-PA-15ml-Sunscreen-Kulit-Normal-Sensitif-i.433144176.8451394301?sp_atk=b4b7ce8e-dc51-486c-8cd7-a9c3ebd4a383&xptdk=b4b7ce8e-dc51-486c-8cd7-a9c3ebd4a383