NO,Brand,Nama Product,Category,Skin Type,Ingredients, Price ,SPF,Bentuk,ukuran (dalam ml atau gr), harga/ukuran ,Link,,,,,,,,,,,Sensitive,2,0
1,AZARINE,Azarine Hydrasoothe Sunscreen Gel SPF45 PA++++,Sunscreen,"normal, oily, kombinasi, dan berjerawat","aqua, glycerin, propanediol, ethylhexyl methoxycinnamate, butyl methoxydibenzoylmethane, aloe barbadensis juice extract, polymethyl methacrylate, portulaca oleracea extract, sodium hyaluronate, niacinamide, cucumis sativus fruit extract, camelia sinensis extract, punica granatum fruit extract, phenoxyethanol, octocrylene, butylene glycol, sodium acrylates c 10-30 alkyl acrylates crosspolymer, propolis, piscea abies extract, allantoin, xanthan gum, panthenol, disodium edta, fragrance, lecithin"," Rp 33,890.00 ",45,Gel,30," Rp 1,129.67 ",https://shopee.co.id/AZARINE-Hydrasoothe-Sunscreen-Gel-SPF45-PA-50ml-30ml-Merah-Jingga-Official-i.1346168602.26417420777?sp_atk=98499f9d-2fa4-4535-b388-216b35fa655e&xptdk=98499f9d-2fa4-4535-b388-216b35fa655e,,,,,,,,,,,,,
2,AZARINE,Azarine Hydrasoothe Sunscreen Gel SPF45 PA++++,Sunscreen,"normal, oily, kombinasi, dan berjerawat","aqua, glycerin, propanediol, ethylhexyl methoxycinnamate, butyl methoxydibenzoylmethane, aloe barbadensis juice extract, polymethyl methacrylate, portulaca oleracea extract, sodium hyaluronate, niacinamide, cucumis sativus fruit extract, camelia sinensis extract, punica granatum fruit extract, phenoxyethanol, octocrylene, butylene glycol, sodium acrylates c 10-30 alkyl acrylates crosspolymer, propolis, piscea abies extract, allantoin, xanthan gum, panthenol, disodium edta, fragrance, lecithin"," Rp 62,750.00 ",45,Gel,50," Rp 1,255.00 ",https://shopee.co.id/-GEL-Azarine-Hydrasoothe-Sunscreen-Gel-SPF45-PA-50ml-LOLOS-UJI-INVIVO-INVITRO-BEST-SELLER-sunscreen-kulit-berminyak-berjerawat-i.80036545.4669860687?sp_atk=bd18a0c4-e479-44e2-8093-f4fd4e663065&xptdk=bd18a0c4-e479-44e2-8093-f4fd4e663065,,,,,,,,,,,Dry Skin,4,
3,AZARINE,Azarine Hydrasoothe Sunscreen Gel SPF45 PA++++,Sunscreen,"normal, oily, kombinasi, dan berjerawat","aqua, glycerin, propanediol, ethylhexyl methoxycinnamate, butyl methoxydibenzoylmethane, aloe barbadensis juice extract, polymethyl methacrylate, portulaca oleracea extract, sodium hyaluronate, niacinamide, cucumis sativus fruit extract, camelia sinensis extract, punica granatum fruit extract, phenoxyethanol, octocrylene, butylene glycol, sodium acrylates c 10-30 alkyl acrylates crosspolymer, propolis, piscea abies extract, allantoin, xanthan gum, panthenol, disodium edta, fragrance, lecithin"," Rp 61,983.00 ",45,Mist,50," Rp 1,239.66 ",https://shopee.co.id/-GEL-Azarine-Hydrasoothe-Sunscreen-Gel-SPF45-PA-50ml-LOLOS-UJI-INVIVO-INVITRO-BEST-SELLER-sunscreen-kulit-berminyak-berjerawat-i.80036545.4669860687?sp_atk=bd18a0c4-e479-44e2-8093-f4fd4e663065&xptdk=bd18a0c4-e479-44e2-8093-f4fd4e663065,,,,,,,,,,,,,
4,AZARINE,Azarine Calm My Acne Sunscreen Moisturiser SPF35 PA+++,Sunscreen,"acne, oily, sensitive, and kombinasi","Aqua, Glycerin*, Ethylhexyl Methoxycinnamate, Butyl methoxybenzoylmethane, Epilobium Angustifolium Flower/Leaf/Stem Extract*, Acrylates Crosspolymer, Inulin Lauryl Carbamate, Ethylexyl Triazone, Chlorphenesin, Bisabolol*, Sodium Hyaluronate, Bakuchiol*, Ectoin*, Phenoxyethanol, Octocrylene, Sodium Surfactin, Quaternium 73"," Rp 34,850.00 ",35,Gel,40, Rp 871.25 ,https://shopee.co.id/Azarine-Calm-My-Acne-Sunscreen-Moisturiser-SPF35-PA-LOLOS-UJI-INVIVO-INVITRO-Sunscreen-Gel-Untuk-Kulit-Berminyak-Berjerawat-Sensitif-40ml-i.80036545.17992088195?sp_atk=e303b531-6a06-43ad-823e-ac5d2700ebd9&xptdk=e303b531-6a06-43ad-823e-ac5d2700ebd9,,,,,,,,,,,Acne,4,
5,AZARINE,Azarine Hydramax-C Sunscreen Serum SPF50 PA++++,Sunscreen,"kering, normal, dan kombinasi","Aqua, ethylhexyl Methoxycinnamate, butylmethoxydibenzoylmethane, glyserine, propanediol, polymethyl methacrylate, octocrylene, butylene Glycol, ectoin, ascorbic acid, hydroxypropyl trimonium hyaluronate, hyaluronic acid, acrylates crosspolymer, allantoin, phenoxyethanol, sodium acetylated hyaluronate, hydrolyzed hyaluronic acid, tocopheryl acetate, Chlorphenesin, potassium hyaluronate, sodium Hyaluronate crosspolymer, hydrolyzed sodium hyaluronate, caprylyl -2 glyseryl ascorbate, xanthan gum, sodium hyaluronate."," Rp 52,000.00 ",50,Gel,40," Rp 1,300.00 ",https://shopee.co.id/Azarine-Hydramax-C-Sunscreen-Serum-SPF-50-40ml-i.10689.17446314412?sp_atk=45db0514-fcc5-461c-89e7-d3a165538db0&xptdk=45db0514-fcc5-461c-89e7-d3a165538db0,,,,,,,,,,,Normal,11,
6,AZARINE,Azarine Ceraspray Sunscreen Spray SPF 50 PA+++,Sunscreen,all skin type,"Water, Ethylhexyl Methoxycinnamate, Alcohol, C12-15 Alkyl Benzoate, Collagen Water (Water, Collagen), Octocrylene, C13-16 Isoparaffin, Dimethicone, Glycerin, Butyl Methoxydibenzoylmethane, Lauryl PEG-9 Polydimethylsiloxyethyl Dimethicone, Disodium EDTA, Triethanolamine, Phenylbenzimidazole Sulfonic Acid, Methylene Bis-Benzotriazolyl Tetramethylbutylphenol, Ethylhexyl Salicylate, Bis-Ethylhexyloxyphenol Methoxyphenyl Triazine, Phenoxyethanol, Centella Asiatica Leaf Extract, Glycyrrhiza Glabra (Licorice) Root Extract, Calendula Officinalis Extract, Bisabolol, Ceramide NG, Ceramide AS, Ceramide NS, Aloe Barbadensis Leaf Juice, Parfum, Ceramide AP, Ceramide EOS, Ceramide EOP, Ceramide NP"," Rp 49,650.00 ",50,Mist,50, Rp 993.00 ,https://shopee.co.id/Azarine-Ceraspray-Sunscreen-Spray-SPF-50-PA-with-cooling-sensation-50ml-UV-Defender-UV-Protector-Outdoor-Sunscreen-Mist-i.80036545.24159177602?sp_atk=780b930b-3e63-45bc-8960-8dbfb9fc2631&xptdk=780b930b-3e63-45bc-8960-8dbfb9fc2631,,,,,,,,,,,,,
7,EMINA,Emina Sun Battle SPF 35 PA+++,Sunscreen,all skin type,"Aqua, Ethanol, Ethylhexyl Methoxycinnamate, Glyceryl Stearate, Diethylamino Hydroxybenzoyl Hexyl Benzoate, Dimethicone, Butylene Glycol, Phenoxyethanol, Triethanolamine, Aloe Vera (Leaf) Extract, Panthenol, Polyvinyl Alcohol, Propylene Glycol, Acrylates/C10-30 Alkyl Acrylate Crosspolymer, Fragrance, Hydrolyzed Wheat Protein/PVP Crosspolymer, BHT Disodium EDTA, Ethylhexylglycerin, Xanthan Gum, Potassium Sorbate, Sodium Benzoate."," Rp 16,650.00 ",35,Gel,20, Rp 832.50 ,https://shopee.co.id/Emina-Sun-Battle-Bright-Glow-SPF-35-PA-Sunscreen-Serum-Amino-Vitamin-C-Cerah-Ringan-Hydrating-Teruji-In-Vivo-Non-acnegenic-Non-Comedogenic.-Cocok-semua-jenis-kulit-i.63983008.9647576834?sp_atk=c809df25-ceba-4744-b91c-84a2899b2e1a&xptdk=c809df25-ceba-4744-b91c-84a2899b2e1a,,,,,,,,,,,,,
8,EMINA,Emina Sun Battle SPF 35 PA+++,Sunscreen,all skin type,"Aqua, Ethanol, Ethylhexyl Methoxycinnamate, Glyceryl Stearate, Diethylamino Hydroxybenzoyl Hexyl Benzoate, Dimethicone, Butylene Glycol, Phenoxyethanol, Triethanolamine, Aloe Vera (Leaf) Extract, Panthenol, Polyvinyl Alcohol, Propylene Glycol, Acrylates/C10-30 Alkyl Acrylate Crosspolymer, Fragrance, Hydrolyzed Wheat Protein/PVP Crosspolymer, BHT Disodium EDTA, Ethylhexylglycerin, Xanthan Gum, Potassium Sorbate, Sodium Benzoate."," Rp 29,250.00 ",35,Gel,50, Rp 585.00 ,https://shopee.co.id/Emina-Sun-Battle-Bright-Glow-SPF-35-PA-Sunscreen-Serum-Amino-Vitamin-C-Cerah-Ringan-Hydrating-Teruji-In-Vivo-Non-acnegenic-Non-Comedogenic.-Cocok-semua-jenis-kulit-i.63983008.9647576834?sp_atk=c809df25-ceba-4744-b91c-84a2899b2e1a&xptdk=c809df25-ceba-4744-b91c-84a2899b2e1a,,,,,,,,,,,,,
9,EMINA,Emina Sun Battle SPF 35 PA +++ Acne Clear Cica + Allantoin Airy Acne Soothing,Sunscreen,"all skin type, berjerawat","Aqua, Ethylhexyl Methoxycinnamate, Butyl Methoxydibenzoylmethane, Niacinamide, Butylene Glycol, Octocrylene, Phenoxyethanol, Acrylates/C10-30 Alkyl Acrylate Crosspolymer, Aminomethyl Propanol, Cetearyl Olivate, Bis-ethylhexyloxyphenol Methoxyphenyl Triazine, Chlorphenesin, Allantoin, Salicylic Acid, Lecithin, Sorbitan Olivate, Xanthan Gum, Centella Asiatica Extract, Propylene Glycol, Polygonum Cuspidatum Root Extract, Scutellaria Baicalensis Root Extract, Glycerin, Camellia Sinensis Leaf Extract, Dipropylene Glycol, Glycyrrhiza Glabra (Licorice) Root Extract, Mentha Piperita Leaf Extract, Chamomilla Recutita (Matricaria) Flower Extract, Polysorbate 60, Rosmarinus Officinalis (Rosemary) Leaf Extract, BHT, Tetrasodium EDTA, Potassium Sorbate, Sodium Benzoate."," Rp 30,875.00 ",35,Gel,50, Rp 617.50 ,https://shopee.co.id/NEW!-Emina-Sun-Battle-SPF-35-PA-Acne-Clear-Cica-Allantoin-Airy-Acne-Soothing-50-ml-Sunscreen-untuk-Melindungi-dari-sinar-UV-untuk-Kulit-Berminyak-Berjerawat-Sensitif.-Ringan-no-whitecast-fresh.-Teruji-in-vivo-non-acnegenic-non-comedogenic-i.63983008.27816696670?sp_atk=ebc9862b-ef7f-4895-a08c-4dd8d406bce0&xptdk=ebc9862b-ef7f-4895-a08c-4dd8d406bce0,,,,,,,,,,,,,
10,SKIN AQUA,"Skin Aqua UV Sunscreen Moisture Gel SPF 50, PA++++",Sunscreen,"normal, oily ","Aqua (Water), Ethylhexyl Methoxycinnamate, Methylene Bis-Benzotriazolyl Tetramethylbutylphenol, Cyclopentasiloxane, Glycerin, Ethylhexyl Triazone, Polysorbate 60, Diethylamino Hydroxybenzoyl Hexyl Benzoate, Phenoxyethanol, Betaine, Ammonium Acrolyldimethyltaurate/VP Copolymer, Acrylates/C10-30 Alkyl Acrylate Crosspolymer, Triethanolamine, Panthenol, Hydrogenated Lecithin, Disodium EDTA, Methylparaben, Propylparaben, Sodium Hyaluronate, Arginine, Sodium Acetylated Hyaluronate (AcHA), Hydrolyzed Collagen, Dipotassium Glycyrrhizate, Ascorbyl Tetrahexyldecanoate, Tocopheryl Acetate"," Rp 57,630.00 ",50,Gel,40," Rp 1,440.75 ",https://shopee.co.id/Skin-Aqua-UV-Sunscreen-Moisture-Gel-SPF-50-PA-40gr-i.78713320.6310202325?sp_atk=569f1c20-2d25-4c6d-b894-523489b958d8&xptdk=569f1c20-2d25-4c6d-b894-523489b958d8,,,,,,,,,,,,,
11,SKIN AQUA,Skin Aqua UV Sunscreen Mild Milk SPF 50 PA++++,Sunscreen,"sensitive, berjerawat","Aqua (Water), Ethylhexyl Methoxycinnamate, Polymethyl Methacrylate, Caprylyl Methicone, Diglycerin, Butylene Glycol, Methylene Bis-Benzotriazolyl Tetramethylbutylphenol, Bis-Ethylhexylophenol Methoxyphenol Triazine, Polysorbate 60, Ethylhexyl Triazone, Betaine, Phenoxyethanol, Ammonium Acrolyldimethyltaurate/ VP Copolymer, Decyl Glucoside, Arginine, Acrylates/C10-30 Alkyl Acrylate Crosspolymer, Methylparaben, Tocopheryl Acetate, Propylparaben, Disodium EDTA, Allantoin, Sodium Hyaluronate, Propylene Glycol, Xanthan Gum, Hydrolyzed Collagen, Polyquaternium-51"," Rp 70,000.00 ",50,Gel,40," Rp 1,750.00 ",https://shopee.co.id/Skin-Aqua-UV-Sunscreen-Mild-Milk-SPF-50-PA-40gr-(Protection-against-UV-A-UV-B)-i.78713320.3710298779?sp_atk=96dcedbd-66fc-430d-b055-4c668c64d49f&xptdk=96dcedbd-66fc-430d-b055-4c668c64d49f,,,,,,,,,,,,,
12,SKIN AQUA,"Skin Aqua UV Sunscreen Moisture Milk SPF 50+, PA+++",Sunscreen,normal,"Aqua (Water), Cyclopentasiloxane, Ethylhexyl Methoxycinnamate, Zinc Oxide, Isononyl Isononanoate, Polymethylsillsesquioxane, Butylene Glycol, Glycerin, Silica, Lauroyl Lysine, Lauryl PEG-9 Polydimethylsiloxyethyl Dimethicone, Diethylamino Hydroxybenzoyl Hexyl Benzoate, Acrylates/Dimethicone Copolymer, Dimethicone, Triethoxysilyethyl Polydimethylsiloxyethyl Hexyl Dimethicone, Methylparaben, Propylparaben, Disodium EDTA, Tocopheryl Acetate, Sodium Hyaluronate, Sodium Acetylated Hyaluronate (AcHA), Panthenol, Dipotassium Glycyrrhizate, Hydrolyzed Collagen"," Rp 70,000.00 ",50,Gel,40," Rp 1,750.00 ",https://shopee.co.id/Skin-Aqua-UV-Sunscreen-Moisture-Milk-SPF-50-PA-40gr-(Protection-against-UV-A-and-UV-B)-i.78713320.7410201446?sp_atk=ef280331-291c-461b-a766-e81c8f00c251&xptdk=ef280331-291c-461b-a766-e81c8f00c251,,,,,,,,,,,,,
13,WARDAH,Wardah UV Shield Airy Smooth Sunscreen Serum SPF 50 PA++++,Sunscreen,oily,"Aqua, Ethylhexyl Methoxycinnamate, Butylene Glycol, Niacinamide, Butyl Methoxydibenzoylmethane, Octocrylene, Butyloctyl Salicylate, Cyclopentasiloxane, Pentylene Glycol, Vinyl Dimethicone/Methicone Silsesquioxane Crosspolymer, Arachidyl Alcohol, Aluminum Starch Octenylsuccinate, Bisabolol, Alpha-Arbutin, Actinidia Polygama Fruit Extract, Leontopodium Alpinum Extract, Ammonium Acryloyldimethyltaurate/VP Copolymer, Behenyl Alcohol, Arachidyl Glucoside, Fragrance, Sodium Hydroxide, Glycerin, Citric Acid, Potassium Sorbate, Sodium Benzoate, Chlorphenesin, Phenoxyethanol.
"," Rp 34,500.00 ",50,Gel,25," Rp 1,380.00 ",https://shopee.co.id/Wardah-UV-Shield-Airy-Smooth-Sunscreen-Serum-SPF-50-PA-Sunscreen-matte-dan-ringan-i.59763733.19093091174?sp_atk=92801ee9-d623-4cd1-84a5-eb34b55d5d6d&xptdk=92801ee9-d623-4cd1-84a5-eb34b55d5d6d,,,,,,,,,,,,,
14,WARDAH,Wardah UV Shield Airy Smooth Sunscreen Serum SPF 50 PA++++,Sunscreen,oily,"Aqua, Ethylhexyl Methoxycinnamate, Butylene Glycol, Niacinamide, Butyl Methoxydibenzoylmethane, Octocrylene, Butyloctyl Salicylate, Cyclopentasiloxane, Pentylene Glycol, Vinyl Dimethicone/Methicone Silsesquioxane Crosspolymer, Arachidyl Alcohol, Aluminum Starch Octenylsuccinate, Bisabolol, Alpha-Arbutin, Actinidia Polygama Fruit Extract, Leontopodium Alpinum Extract, Ammonium Acryloyldimethyltaurate/VP Copolymer, Behenyl Alcohol, Arachidyl Glucoside, Fragrance, Sodium Hydroxide, Glycerin, Citric Acid, Potassium Sorbate, Sodium Benzoate, Chlorphenesin, Phenoxyethanol.
"," Rp 54,280.00 ",50,Gel,40," Rp 1,357.00 ",https://shopee.co.id/Wardah-UV-Shield-Airy-Smooth-Sunscreen-Serum-SPF-50-PA-Sunscreen-matte-dan-ringan-i.59763733.19093091174?sp_atk=92801ee9-d623-4cd1-84a5-eb34b55d5d6d&xptdk=92801ee9-d623-4cd1-84a5-eb34b55d5d6d,,,,,,,,,,,,,
15,WARDAH,ardah UV Shield Aqua Fresh Sunscreen Serum SPF 50 PA++++,Sunscreen,dry skin,"Aqua, Ethylhexyl Methoxycinnamate, Ethylhexyl Salicylate, Homosalate, Butyl Methoxydibenzoylmethane, Octocrylene, Polymethyl Methacrylate, Butylene Glycol, Butyloctyl Salicylate, Bis-Ethylhexyloxyphenol Methoxyphenyl Triazine, Cyclopentasiloxane, Polyurethene-79, Arachidyl Alcohol, Polyester-7, Behenyl Alcohol, Bisabolol, Nylon-12, Phenoxyethanol,, Polyacrylate Crosspolymer-6, Caprylic/Capric Triglycerides, Neopentyl Glycol Diheptanoate, Chlorphenesin, Arachidyl Glucoside, Propanediol, Polyacrylate-13, Disodium EDTA, Fragrance, Polyisobutene, Pongamia Glabra Seed Oil, Polysorbate 20 , Artemisia Capillaris Flower Extract."," Rp 56,120.00 ",50,Gel,30," Rp 1,870.67 ",https://shopee.co.id/Wardah-UV-Shield-Aqua-Fresh-Sunscreen-Serum-SPF-50-PA-30-ml-Sunscreen-yang-Melembabkan-Kulit-Kering-Memperbaiki-Skin-Barrier-Melindungi-Kulit-secara-Maksimal-Ringan-Cepat-Meresap-Tidak-Lengket-No-Whitecast-Non-comedogenic-0-Alkohol-i.59763733.6942920160?sp_atk=073206ee-f8b3-4d8e-869f-a5e0fdf8c065&xptdk=073206ee-f8b3-4d8e-869f-a5e0fdf8c065,,,,,,,,,,,,,
16,WARDAH,Wardah UV Shield Essential Sunscreen Gel SPF 35 PA +++,Sunscreen,normal,"Aqua, Ethylhexyl Methoxycinnamate, Butyloctyl Salicylate, Butyl Methoxydibenzoylmethane, Octocrylene, Propylene Glycol, Hydroxyethyl Acrylate/Sodium Acryloyldimethyl Taurate Copolymer, Tocopheryl Acetate, Phenoxyethanol, Sodium Acrylates Copolymer, Chlorphenesin, Propanediol, Lecithin, Allantoin, Panthenol, Disodium EDTA, Fragrance, Ethylhexylglycerin, Artemisia Capillaris Flower Extract."," Rp 34,500.00 ",35,Gel,40, Rp 862.50 ,https://shopee.co.id/Wardah-UV-Shield-Essential-Sunscreen-Gel-SPF-35-PA-40-ml-Sunscreen-Wajah-0-Alkohol-dengan-Vitamin-C-Niacinamide-Brightening-Hydrating-Skin-Healthy-Glow-Tekstur-Ringan-Tidak-Lengket-Melembabkan-Mencegah-Penuaan-Dini-Semua-Jenis-Kulit-i.59763733.4656131375?sp_atk=971f23c0-b801-48b8-9e2f-31667659c452&xptdk=971f23c0-b801-48b8-9e2f-31667659c452,,,,,,,,,,,,,
17,WARDAH,Wardah UV Shield Acne Calming Sunscreen Serum SPF 50 PA++++,Sunscreen,acne,"Aqua, Propanediol, Ethylhexyl Methoxycinnamate, Butyl Methoxydibenzoylmethane, Polymethyl Methacrylate, Butylene Glycol, Octocrylene, Ammonium Acryloyldimethyltaurate/VP Copolymer, Niacinamide, 1,2-Hexanediol, Ethylhexyl Triazone, Cetearyl Olivate, Panthenol, Glycerin, Allantoin, Chlorphenesin, Propylene Glycol, Salicylic Acid, Xanthan Gum, Disodium EDTA, Lecithin, Sorbitan Olivate, Caprylhydroxamic Acid, Glycyrrhiza Glabra (Licorice) Root Extract, Aminomethyl Propanol, Phenoxyethanol, Artemisia capillaris flower Extract, Camellia Sinensis Leaf Extract, Haberlea Rhodopensis Leaf Extract, BHT, Potassium Sorbate, Sodium Benzoate, Citric Acid.
"," Rp 37,500.00 ",50,Gel,25," Rp 1,500.00 ",https://shopee.co.id/NEW!-Wardah-UV-Shield-Acne-Calming-Sunscreen-Serum-SPF-50-PA--i.59763733.24480446581?sp_atk=ffb8cf87-59a4-4282-b7f8-2ce34e0437df&xptdk=ffb8cf87-59a4-4282-b7f8-2ce34e0437df,,,,,,,,,,,,,
18,UNITARY,Unitary Watery Essence Oil Control Sunscreen for Oily Skin SPF 50+ PA++++,Sunscreen,oily,"Ethylhexyl Methoxycinnamate, Alcohol, Isopropyl Palmitate, Butylene Glycol, Diethylamino Hydroxybenzoyl Hexyl Benzoate, Xylitol, Ethylhexyl Triazone, Bisethylhexyloxyphenol Methoxyphenyl Triazine, Hydrogenated Polyisobutene, Dimethicone, Acrylates/​C10-30 Alkyl Acrylate Crosspolymer, Vp/​Acrylates/​Lauryl Methacrylate Copolymer, Dextrin Palmitate, Vinyl Dimethicone/​Methicone Silsesquioxane Crosspolymer, Glycerin, Phenoxyethanol, Propylene Glycol, Polyglyceryl-3 Methylglucose Distearate, Neopentyl Glycol Dicaprate, Parfum, Methylparaben, Sodium Hydroxide, Octocrylene"," Rp 49,000.00 ",50,Gel,50, Rp 980.00 ,https://shopee.co.id/Unitary-Watery-Essence-Oil-Control-Sunscreen-for-Oily-Skin-SPF-50-PA-Skin-Hydrating-Revitalizing-Waterproof-UV-Shield-Block-Sun-Damage-Prevent-Skin-Aging-50-ML-i.998472598.22074289310?sp_atk=e394b499-fe01-4797-b46a-47c498627df9&xptdk=e394b499-fe01-4797-b46a-47c498627df9,,,,,,,,,,,,,
19,UNITARY,UNITARY Sun Face Protection Serum SPF 50+ PA++++,Sunscreen,sensitive,"Water, Homosalate, Octocrylene, Butyl Methoxydibenzoylmethane, Ethylhexyl Salicylate, Cyclopentasiloxane, Polymethylsilsesquioxane, Dimethicone, Glycerin, Alcohol, Phenylbenzimidazole Sulfonic Acid, Cetearyl Alcohol, Behenyl Alcohol, Dimethicone Crosspolymer, Sodium Hydroxide, Phenoxyethanol, Sodium Stearoyl Glutamate, Acrylates/​C10-30 Alkyl Acrylate Crosspolymer, Tocopheryl Acetate, Titanium Dioxide, Methylparaben"," Rp 49,000.00 ",50,Gel,30," Rp 1,633.33 ",https://shopee.co.id/%E3%80%90Ready-Stock%E3%80%91UNITARY-Sun-Face-Protection-Serum-SPF-50-PA--i.998472598.23774293558?sp_atk=4f0491df-fa24-47bf-a05b-94d4266d2d96&xptdk=4f0491df-fa24-47bf-a05b-94d4266d2d96,,,,,,,,,,,,,
20,UNITARY,UNITARY Sun Block Moisturizer Facial SPF 50+ PA++++,Sunscreen,dry skin,"Water, C12-15 Alkyl Benzoate, Butylene Glycol, Ethylhexyl Methoxycinnamate, Cyclopentasiloxane, Cetearyl Alcohol, PEG-100 Stearate, Glyceryl Stearate, Cyclohexasiloxane, Octocrylene, Butyl Methoxydibenzoylmethane, Potassium Cetyl Phosphate, Methylene Bis-Benzotriazolyl Tetramethylbutylphenol, 1,2-Hexanediol, Hydroxyacetophenone, Propanediol, Silica, Palmitic Acid, Sodium Acrylate/​Sodium Acryloyldimethyl Taurate Copolymer, Tocopheryl Acetate, Parfum, Stearic Acid, Arginine, Isohexadecane"," Rp 49,000.00 ",50,Gel,50, Rp 980.00 ,https://shopee.co.id/%E3%80%90Ready-Stock%E3%80%91UNITARY-Sun-Block-Moisturizer-Facial-SPF-50-PA--i.998472598.23874279575?sp_atk=d0b68ade-6b16-47ca-a150-2c2158367346&xptdk=d0b68ade-6b16-47ca-a150-2c2158367346,50 ML,,,,,,,,,,,,
21,AVOSKIN,Sunscreen Avoskin The Great Shield SPF 50 PA++++ 5ml-Kulit Berminyak,Sunscreen,oily,"Water, Butyloctyl Salicylate, Diethylamino Hydroxybenzoyl Hexyl Benzoate, Nylon-12, Dibutyl Adipate, Phenethyl Benzoate, Ethylhexyl Triazone, Polysilicone-15, Bis-Ethylhexyloxyphenol Methoxyphenyl Triazine, Silica, Polyglyceryl-6 Stearate, Terephthalylidene Dicamphor Sulfonic Acid, 1,2-Hexanediol, C20-22 Alkyl Phosphate, Tromethamine, Caprylic/Capric Triglyceride, C20-22 Alcohols, Hydroxyacetophenone, Sodium Polyacryloyldimethyl Taurate, Polyacrylate Crosspolymer-6, Hydrogenated C6-20 Polyolefin, Butylene Glycol, PVP, Polyglyceryl-6 Behenate, Sodium Hyaluronate, 3-O-Ethyl Ascorbic Acid, Allantoin, HDI/Trimethylol Hexyllactone Crosspolymer, Anthemis Nobilis Flower Extract, t-Butyl Alcohol."," Rp 57,000.00 ",50,Gel,5," Rp 11,400.00 ",https://shopee.co.id/Sunscreen-Avoskin-The-Great-Shield-SPF-50-PA-5ml-Kulit-Berminyak-i.154494405.5659672032?keyword=sunscreen&shop=154494405,5 ML,,,,,,,,,,,,
22,AVOSKIN,Sunscreen Avoskin Your Skin Bae Shield of Sun SPF 50 PA++++,Sunscreen,normal,"Water, Butyloctyl Salicylate, Diethylamino Hydroxybenzoyl Hexyl Benzoate, Dibutyl Adipate, Phenethyl Benzoate, Ethylhexyl Triazone, Polysilicone-15 Bis-Ethylhexyloxyphenol Methoxyphenyl Triazine, Diphenylsiloxy Phenyl Trimethicone, Polyglyceryl-6 Stearate, Terephthalylidene Dicamphor Sulfoni Acid, Nylon-12, 1,2-Hexanediol, C20-22 Alkyl Phosphate, Tromethamine, Caprylic/Capric Triglyceride, C20-22 Alcohols, Hydroxyacetophenone, Sodium Polyacryloyldimethyl Taurate, Polyacrylate Crosspolymer-6, Hydrogenated C6-20 Polyolefin, Butylene Glycol, PVP, Polyglyceryl-6 Behenate, Sodium Hyaluronate, 3-O-Ethyl Ascorbic Acid, Allantoin, HDI/Trimethylol Hexyllactone Crosspolymer, Anthemis Nobilis Flower Extract."," Rp 41,000.00 ",50,Gel,5," Rp 8,200.00 ",https://shopee.co.id/-CLEARANCE-SALE-Travel-Sunscreen-Avoskin-Your-Skin-Bae-Shield-of-Sun-SPF-50-PA-5ml-ED-06-25-i.154494405.22764718219?sp_atk=a1394d6a-2c28-4baa-b0ce-bf9931f1e488&xptdk=a1394d6a-2c28-4baa-b0ce-bf9931f1e488,,,,,,,,,,,,,
23,AVOSKIN,Sunscreen Avoskin Your Skin Bae Shield of Sun SPF 50 PA++++,Sunscreen,normal,"Water, Butyloctyl Salicylate, Diethylamino Hydroxybenzoyl Hexyl Benzoate, Dibutyl Adipate, Phenethyl Benzoate, Ethylhexyl Triazone, Polysilicone-15 Bis-Ethylhexyloxyphenol Methoxyphenyl Triazine, Diphenylsiloxy Phenyl Trimethicone, Polyglyceryl-6 Stearate, Terephthalylidene Dicamphor Sulfoni Acid, Nylon-12, 1,2-Hexanediol, C20-22 Alkyl Phosphate, Tromethamine, Caprylic/Capric Triglyceride, C20-22 Alcohols, Hydroxyacetophenone, Sodium Polyacryloyldimethyl Taurate, Polyacrylate Crosspolymer-6, Hydrogenated C6-20 Polyolefin, Butylene Glycol, PVP, Polyglyceryl-6 Behenate, Sodium Hyaluronate, 3-O-Ethyl Ascorbic Acid, Allantoin, HDI/Trimethylol Hexyllactone Crosspolymer, Anthemis Nobilis Flower Extract."," Rp 155,000.00 ",50,Gel,30," Rp 5,166.67 ",https://shopee.co.id/-CLEARANCE-SALE-Travel-Sunscreen-Avoskin-Your-Skin-Bae-Shield-of-Sun-SPF-50-PA-5ml-ED-06-25-i.154494405.22764718219?sp_atk=a1394d6a-2c28-4baa-b0ce-bf9931f1e488&xptdk=a1394d6a-2c28-4baa-b0ce-bf9931f1e488,,,,,,,,,,,,,
24,NIVEA,NIVEA SUN Face Serum Extra Protect Aura SPF50+ PA+++,Sunscreen,Dry Skin,"Aqua, homosalate, polymethylsilsesquioxane, butyll methoxydibenzoyl methane, ethylhexyl salicylate, octocrylene, dimethicone, glycerin, phenylbenzimidazole, sulfonic acid, cyclomethicone, alcohol denat, behenyl alcohol, cetearyl alcohol, phenoxyethanol, dimethicone crosspolymer, sodium hydroxide, CI 77891, ethylparaben, methylparaben, sodium steacoyl glutamate, trisodium EDTA, acrylates/C10-30 alkyl acrylate crosspolymer, tocopheryl acetate, xantam gum, mica, sodium chloride, glyceryl glucoside.
"," Rp 54,000.00 ",,,30," Rp 1,800.00 ",https://shopee.co.id/NIVEA-SUN-Face-Serum-Extra-Protect-Aura-SPF50-PA-30ml-Membantu-rona-wajah-tampak-cerah-i.39283823.2236513089?sp_atk=c249cfc2-c1cd-4ada-bd7b-2bbd6caba0fe&xptdk=c249cfc2-c1cd-4ada-bd7b-2bbd6caba0fe,30 ML,,,,,,,,,,,,
25,NIVEA,NIVEA SUN Face Serum Triple Protect Acne Oil Control SPF50+ PA+++,Sunscreen,Acne,"Aqua, Homosalate, Alcohol Denat, Butyl Methoxydibenzoylmethane, Ethylhexyl Salicylate, Octocrylene, Distarch Phosphate, Dimethicone, Phenylbenzimidazole Sulfonic Acid, Behenyl Alcohol, Cetearyl Alcohol, Glycerin, Methylpropanediol, Silica Dimethyl Silylate, Mineral Salts, Carnitine, Glycyrrhiza Inflata Root Extract, Isoamyl Laurate, Sodium Stearoyl Glutamate, Dimethicone Crosspolymer, Carbomer, Acrylates/​C10-30 Alkyl Acrylate Crosspolymer, Xanthan Gum, Silica, Mica, Sodium Hydroxide, Trisodium EDTA, Phenoxyethanol, Ethylhexylglycerin, Sodium Chloride, Parfum, Ci 77891"," Rp 97,100.00 ",,,40," Rp 2,427.50 ",https://shopee.co.id/NIVEA-SUN-Face-Serum-Triple-Protect-Acne-Oil-Control-SPF50-PA-40ml-Untuk-kulit-berjerawat-i.39283823.21020901237?sp_atk=aca46e23-7ae3-4ca5-bdaa-e511ad4073f4&xptdk=aca46e23-7ae3-4ca5-bdaa-e511ad4073f4,40 ML,,,,,,,,,,,,
26,NIVEA,NIVEA SUN Face Serum Extra Protect Oil Control SPF50+ PA+++,Sunscreen,Oily,"Aqua, homosalate, polymethylsilsesquioxane, butyll methoxydibenzoyl methane, ethylhexyl salicylate, octocrylene, alcohol denat, tapioca starch, phenylbenzimidazole, sulfonic acid, cyclomethicone, behenyl alcohol, cetearyl alcohol, methylpropanediol, silica dimethyl silylate, glycerin, phenoxyethanol, carnitine, sodium hydroxide, sodium steacoyl glutamate, ethylhexyglycerin, trisodium EDTA, acrylates/C10-30 alkyl acrylate crosspolymer, carbomer, glycyrrhetinic acid, xantan gum, sodium chloride."," Rp 54,000.00 ",,,30," Rp 1,800.00 ",https://shopee.co.id/NIVEA-SUN-Face-Serum-Extra-Protect-Oil-Control-SPF50-PA-30ml-Mengontrol-minyak-berlebih-i.39283823.2236513091?sp_atk=aa3a536c-2f49-4974-bd17-0d52a0e51002&xptdk=aa3a536c-2f49-4974-bd17-0d52a0e51002,30 ML,,,,,,,,,,,,
27,THE ORIGINOTE,The Originote Ceramella Sunscreen SPF50 PA+++,Sunscreen,normal,"Water, ethylhexyl methoxycinnamate, octocrylene, ethylhexyl salicylate, isododecane, silica, glycerin, propylene glycol, pentylene glycol, bis-ethylhexyloxyphenol methoxyphenyl triazine, cetyl alcohol, phenoxyethanol, polymethylsilsesquioxane, niacinamide, polysorbate 80, panthenol, tremella fuciformis polysaccharide, ethylhexylglycerin, disodium EDTA, zinc oxide, Sodium hyaluronate, Butylene glycol, 3-o-ethyl ascorbic acid, caprylic/capric triglyceride, avena sativa (oat) extract, artemisia argyi leaf extract, hydrogenated lecithin, behenyl alcohol, octyldodecanol, hydroxyacetophenone, ceramide NP, ceramide AP, ceramide NS/ceramide NG, hyaluronic acid, retinol "," Rp 41,000.00 ",50,Gel,50, Rp 820.00 ,https://shopee.co.id/The-Originote-Ceramella-Sunscreen-SPF50-PA-Serum-Sunscreen-untuk-Skin-Barrier-Protect-Melindungi-dari-Sinar-Matahari-with-Ceramide-Vitamin-C-i.710619388.17586667322?sp_atk=2d191aac-e084-494a-ada7-f69dd0e19f30&xptdk=2d191aac-e084-494a-ada7-f69dd0e19f30,,,,,,,,,,,,,
28,THE ORIGINOTE,The Originote Hyalucera Gel Sunscreen SPF 40 PA+++,Sunscreen,normal,"Water, Cyclopentasiloxane, Phenylbenzimidazole Sulfonic Acid, Glycerin, Centella Asiatica Leaf Water, Dimethicone, Tromethamine, Polyphenylsilsesquioxane, Terephthalylidene Dicamphor Sulfonic Acid, Vinyl Dimethicone, Panthenol, PEG/PPG-17/6 Copolymer, Dimethicone/Vinyl Dimethicone Crosspolymer, Glyceryl Glucoside, Dimethicone/PEG-10/15 Crosspolymer, PEG-10 Dimethicone, Hexylene Glycol, Hydroxyacetophenone, Dipotassium Glycyrrhizate, Butylene Glycol, Fragrance(Parfum), Dipropylene Glycol, Sodium Citrate, 1,2-Hexanediol, Tocopherol, Hyaluronic Acid, Ethylhexylglycerin, Hydrolyzed Hyaluronic Acid, Sodium Hyaluronate, Caprylic/Capric Triglyceride, Hydrogenated Lecithin, Chlorella Vulgaris Extract, Ceramide NP"," Rp 23,900.00 ",40,Gel,30, Rp 796.67 ,https://shopee.co.id/The-Originote-Hyalucera-Gel-Sunscreen-SPF-40-PA-Tabir-Surya-untuk-Skin-Barrier-dan-Melindungi-dari-Sinar-Matahari-with-Hyaluronic-Acid-Ceramide-i.710619388.28808859448?sp_atk=d81b325c-a492-4222-b4bb-f941b5b6cb36&xptdk=d81b325c-a492-4222-b4bb-f941b5b6cb36,beda spf,,,,,,,,,,,,
29,SOMETHINC,SOMETHINC Holyshield! UV Watery Sunscreen Gel SPF 50+ PA++++,Sunscreen,normal,"Aqua, Ethylhexyl Methoxycinnamate, Butylene Glycol, Butyl Methoxydibenzoylmethane, Octocrylene, Ammonium Polyacryloyldimethyl Taurate, Polymethylmethacrylate, Phenoxyethanol, Propylene Glycol, Flavour, Triethanolamine, Trimethoxybenzylidene Pentanedione, Polyglyceryl-4 Caprate, Lecithin, Disodium EDTA, Ethylhexylglycerin, Caesalpinia Spinosa Fruit Pod Extract, Helianthus Annuus Sprout Extract, Sodium Benzoate"," Rp 43,159.00 ",50,Gel,15," Rp 2,877.27 ",https://shopee.co.id/-In-Vivo-In-Vitro-Certified-TASYA-FARASYA-APPROVED-SOMETHINC-Holyshield!-UV-Watery-Sunscreen-Gel-SPF-50-PA-Sunscreen-Sensasi-Salju-i.195455930.14483006210?sp_atk=82e52abe-4284-4d9f-8a34-53acb49e0376&xptdk=82e52abe-4284-4d9f-8a34-53acb49e0376,,,,,,,,,,,,,
30,SOMETHINC,SOMETHINC Holyshield! UV Watery Sunscreen Gel SPF 50+ PA++++,Sunscreen,normal,"Aqua, Ethylhexyl Methoxycinnamate, Butylene Glycol, Butyl Methoxydibenzoylmethane, Octocrylene, Ammonium Polyacryloyldimethyl Taurate, Polymethylmethacrylate, Phenoxyethanol, Propylene Glycol, Flavour, Triethanolamine, Trimethoxybenzylidene Pentanedione, Polyglyceryl-4 Caprate, Lecithin, Disodium EDTA, Ethylhexylglycerin, Caesalpinia Spinosa Fruit Pod Extract, Helianthus Annuus Sprout Extract, Sodium Benzoate"," Rp 110,875.00 ",50,Gel,50," Rp 2,217.50 ",https://shopee.co.id/-In-Vivo-In-Vitro-Certified-TASYA-FARASYA-APPROVED-SOMETHINC-Holyshield!-UV-Watery-Sunscreen-Gel-SPF-50-PA-Sunscreen-Sensasi-Salju-i.195455930.14483006210?sp_atk=82e52abe-4284-4d9f-8a34-53acb49e0376&xptdk=82e52abe-4284-4d9f-8a34-53acb49e0376,"50 ML = 105.400

15 ML = 29.400",,,,,,,,,,,,
31,SCARLETT WHITENING,Scarlett Whitening Sunscreen Sun Bright Daily SPF 50 PA+++,Sunscreen,normal,"Aqua, Ethylhexyl Methoxycinnamate, Homosalate, Butylmethoxydibenzoylmethane, Phenylbenzimidazole Sulfonic Acid, Ethylhexyl Salicylate, Octocrylene, Cetearyl Alcohol, Butylene Glycol, Glyserin, Glyceryl Stearate, PEG-100 Stearate, Polyacrylate Crosspolymer-11, Trimethoxybenzylidene Pentanedione, Phenoxyethanol, Bis-Ethylhexyloxyphenol Methoxyphenyl Triazine, Arisaema Amurense Extract, BHT, Bisabolol, Silica, Aloe Barbadensis Leaf Extract, Aminomethyl Propanol, Allantoin, Decyl Glucoside, Panthenol, Glycine Soja Oil, Tocopheryl Acetate, Disodium EDTA, T-Butyl Alcohol, 1,2-Hexanediol, Theobroma Cacoa Seed Extract, 2-Aminobutanol"," Rp 59,000.00 ",50,Gel,50," Rp 1,180.00 ",https://shopee.co.id/Scarlett-Whitening-Sunscreen-Sun-Bright-Daily-SPF-50-PA-Sunblock-Wajah-i.255365082.22718649419?sp_atk=221d7ba9-fd32-4365-917a-303b66ec028a&xptdk=221d7ba9-fd32-4365-917a-303b66ec028a,,,,,,,,,,,,,
32,SCARLETT WHITENING,Scarlett Whitening Ultra Light Daily Sunscreen SPF 50+ PA++++,Sunscreen,oily,"Water, Ethylhexyl Methoxycinnamate, Glyserin, Butylmethoxydibenzoylmethane, Niacinamide, Silica, Polymethyl Methacrylate, Octocrylene, Propanediol, Panthenol, Butylene Glycol, Ammonium Acryloyldimethyl Taurate Vp Copolymer, Allantoin, Phenoxyethanol, Caprylyl Glycol, Xanthan Gum, Theobroma Cacao Seed Extract, 1,2-Hexanediol, Sodium Hyaluronate, Hyaluronic Acid, Hydrolyzed Hyaluronic Acid, Titanium Dioxide, Hydroxypropyltrimonium Hyaluronate, Hydrolyzed Sodium Hyaluronate, Sodium Acetylated Hyaluronate, PEG-9 Diglycidyl Ether/​Sodium Hyaluronate Crosspolymer, Potassium Hyaluronate, Aluminium Hydroxide, Stearic Acid, Ceteareth-25, Cetyl Alcohol, Behenic Acid, Ceramide NP, Cholesterol, Ceramide NS, Ethylhexylglycerin, Ceramide EOP, Ceramide AP, Copper Tripeptide-1, Ceramide EOS, Dimethylsilanol Hyaluronate, Acetyl Hexapeptide-8, Caprooyl Phytosphingosine, Caprooyl Sphingosine, Sodium Benzoate"," Rp 59,000.00 ",50,Gel,50," Rp 1,180.00 ",https://shopee.co.id/-Oily-Skin-Friendly-Scarlett-Whitening-Ultra-Light-Daily-Sunscreen-SPF-50-PA-Water-Based-Meresap-20an-Detik-(Super-Ringan)-dengan-7X-Ceramide-9X-Hyaluronic-Acid-No-Whitecast-i.255365082.23754646706?sp_atk=75d75729-4c31-4edf-b21d-879ad44acc25&xptdk=75d75729-4c31-4edf-b21d-879ad44acc25,50 ml,,,,,,,,,,,,
33,CETAPHIL,Cetaphil UVA/UVB Defense sunscreen SPF50+ PA++++,Sunscreen,sensitive," Octyl Salicylate, Titanium Dioxide, Butyl Methoxydibenzoylmethane, Ecamsule, Bemotrizinol, Octocrylene, Ethylhexyl Triazone, Drometrizole Trisiloxane
Inactive Ingredients: Water, C12-15 Alkyl Benzoate, Glycerin, Propylene Glycol, Cyclomethicone, Stearic Acid, Glyceryl Stearate, PEG-100 Stearate, Potassium Cetyl Phosphate, Dimethicone, Liquid Paraffin, Myristyl Myristate, Methyl Methacrylate Crosspolymer, Nylon-12, Trolamine, Ammonium Polyacryloyldimethyl Taurate, Aluminum Hydroxide, Stearyl Alcohol, Tocopherol, Hydrogenated Soybean Oil, Disodium Edetate, Hypromellose, Sodium Chloride, Phenoxyethanol, Methyl Hydroxybenzoate, Ethyl Hydroxybenzoate, Propyl Hydroxybenzoate"," Rp 85,000.00 ",50,Gel,50," Rp 1,700.00 ",https://shopee.co.id/Cetaphil-UVA-UVB-Defense-sunscreen-SPF50-PA-50ml-Sunblock-untuk-Perawatan-Wajah-i.792542156.28808052152?sp_atk=a0af2123-a37b-4840-8a0f-cec6f34f4158&xptdk=a0af2123-a37b-4840-8a0f-cec6f34f4158,50 ML,,,,,,,,,,,,
34,BIORE,Biore UV Aqua Rich Sunscreen Glowing Natural Light Up Essence SPF 50 PA++++,Sunscreen,oily,"Water, Ethylhexyl Methoxycinnamate, Ethanol, BG, Isopropyl Palmitate, Titanium Oxide, Bisethylhexyloxyphenol Methoxyphenyl Triazine, Ethylhexyl Triazone, Dimethicone Crosspolymer (Lauryl Methacrylate /​ Na Methacrylate), Hydrogenated Polyisobutene, Diethylaminohydroxy Hexyl Benzoyl Benzoate, Silica, Hydrous Silica, Mica, Dextrin Palmitate, Dipentaerythrityl Tri-Polyhydroxystearate, (Acrylate /​ Alkyl Acrylate (C10-30)) Crosspolymer, Triethoxycaprylylsilane, Cetanol, Glyceryl Stearate, Hydroxyethyl Cellulose, Polysorbate 60, Polysilicone-9, Al Hydroxide, K Hydroxide, Royal Jelly Extract, Na Hyaluronate, Tin Oxide, Phenoxyethanol, Methylparaben, EDTA 2Na, BHT, Fragrance
"," Rp 77,000.00 ",50,Gel,70," Rp 1,100.00 ",https://shopee.co.id/Biore-UV-Aqua-Rich-Sunscreen-Glowing-Natural-Light-Up-Essence-SPF-50-PA-70g-menyegarkan-dan-tidak-berminyak-i.1386701123.28517567896?sp_atk=74a6ede0-d36f-45f3-ba91-356f6fd251a0&xptdk=74a6ede0-d36f-45f3-ba91-356f6fd251a0,70ML,,,,,,,,,,,,
35,BIORE,Biore UV Aqua Rich Watery Essence with Micro Defense SPF 50+ PA++++,Sunscreen,dry skin,"Water, Alcohol, Ethylhexyl Methoxycinnamate, Ethylhexyl Triazone, Isopropyl Palmitate, Lauryl Methacrylate/​Sodium Methacrylate Crosspolymer, Diethylamino Hydroxybenzoyl Hexyl Benzoate, Hydrogenated Polyisobutene, Bis-Ethylhexyloxyphenol Methoxyphenyl Triazine, Dextrin Palmitate, Butylene Glycol, Xylitol, Acrylates/​C10-30 Alkyl Acrylate Crosspolymer, Dimethicone, C12-15 Alkyl Benzoate, Glycerin, Propanediol, Glyceryl Stearate, Glyceryl Behenate, Vinyl Dimethicone/​Methicone Silsesquioxane Crosspolymer, Potassium Hydroxide, Cetyl Alcohol, Agar, Sorbitan Distearate, Isoceteth-20, Polyvinyl Alcohol, Dimethicone/​Vinyl Dimethicone Crosspolymer, Stearoyl Glutamic Acid, Arginine, Disodium EDTA, Fragrance, BHT, Sodium Hydroxide, Tocopherol, Royal Jelly Extract, Sodium Hyaluronate, Phenoxyethanol, Methylparaben"," Rp 66,900.00 ",50,Gel,50," Rp 1,338.00 ",https://shopee.co.id/Biore-UV-Aqua-Rich-Watery-Essence-Sunscreen-Sun-screen-Sunblock-SPF-50-PA-Waterproof-50GR-Double-UV-Filter-Melembabkan-kulit-Anti-Jerawat-Anti-Alergi-Made-in-Japan-i.36092728.624582458?sp_atk=46d131e2-7f51-434a-b9a8-f9f9fedc2a71&xptdk=46d131e2-7f51-434a-b9a8-f9f9fedc2a71,50 ML,,,,,,,,,,,,
36,BIORE,Biore UV Fresh & Bright Oil Control Skin Care Sunscreen Sun screen Sunblock Cream SPF 50 PA++++,Sunscreen,oily,"Water, Alcohol Denat, Zinc Oxide (Nano), Ethylhexyl Methoxycinnamate, Ethylhexyl Triazone, Sorbitan Sesquioleate, Neopentyl Glycol Dicaprate, Neopentyl Glycol Diethylhexanoate, Butylene Glycol, Niacinamide, Behenyl Alcohol, Diethylamino Hydroxybenzoyl Hexyl Benzoate, Sodium Acrylate/​Sodium Acryloyldimethyl Taurate Copolymer, Bis-Ethylhexyloxyphenol Methoxyphenyl Triazine, Isohexadecane, Triethoxycaprylylsilane, Polysorbate 60, Polysorbate 80, Xanthan Gum, Disodium EDTA, Tocopheryl Acetate, BHT, Tocopherol"," Rp 24,900.00 ",50,Gel,30, Rp 830.00 ,https://shopee.co.id/Biore-UV-Fresh-Bright-Oil-Control-Skin-Care-Sunscreen-Sun-screen-Sunblock-Cream-SPF-50-PA-Waterproof-30-Gr-Kulit-Tampak-Tak-Berminyak-i.36092728.18820254967?sp_atk=7fb401e8-4ae6-4286-8b1b-0374f4e9b2ca&xptdk=7fb401e8-4ae6-4286-8b1b-0374f4e9b2ca,30 ML,,,,,,,,,,,,
37,BIORE,Biore UV Fresh & Bright Tinted Cover Skin Care Sunscreen Sun Screen Sunblock Cream SPF 50+ PA+++,Sunscreen,normal,"Water, Alcohol Denat., Zinc Oxide (nano), Ethylexyl Methoxycinnamate, Ethylexyl Triazone, Sorbitan Sesquioleate, Neopentyl Glycol Diethylhexanoate, Butylene Glycol, Neopentyl Glycol Dicaprate, Niacinimide, Behenyl Alcohol, Diethylamino Hydroxybenzoyl Hexyl Benzoate, Sodium Acrylate/Sodium Acyloyldimethyl Taurate Copolymer, Bis-Ethylexyloxyphenol Methoxyphenyl Triazine, Isohexadecane, Triethoxycaprylysilane, Polysorbate 60, Polysorbate 80, Xanthan Gum, Disodium EDTA, Tocopheryl Acetate, BHT, Tocopherol, Aluminum Hydroxide, Dimethicone, Sorbitan Oleate, CI 77491, CI 77492, CI77499, CI 77891"," Rp 21,900.00 ",50,Gel,30, Rp 730.00 ,https://shopee.co.id/Biore-UV-Fresh-Bright-Tinted-Cover-Skin-Care-Sunscreen-Sun-Screen-Sunblock-Cream-SPF-50-PA-30-Gr-Samarkan-Noda-Hitam-i.36092728.18020255398?sp_atk=62d47009-4d95-44af-a593-5a5c4c837b1a&xptdk=62d47009-4d95-44af-a593-5a5c4c837b1a,30 ML,,,,,,,,,,,,
38,LA ROCHE POSAY,La Roche Posay Anthelios UVMune 400 Gel-Cream SPF50+ PA++++ 50ml,Sunscreen,acne,"Aqua/​Water/​Eau, Diisopropyl Sebacate, Silica, Alcohol Denat, Ethylhexyl Salicylate, Ethylhexyl Triazone, Bis-Ethylhexyloxyphenol Methoxyphenyl Triazine, Diisopropyl Adipate, PEG-8, Dipropylene Glycol, C12-22 Alkyl Acrylate/​Hydroxyethylacrylate Copolymer, Glycerin, Drometrizole Trisiloxane, Aluminum Starch Octenylsuccinate, Butyl Methoxydibenzoylmethane, Methoxypropylamino Cyclohexenylidene Ethoxyethylcyanoacetate, Tocopherol, Diethylamino Hydroxybenzoyl Hexyl Benzoate, Acrylates Copolymer, Acrylates/​C10-30 Alkyl Acrylate Crosspolymer, Bixa Orellana Seed Extract, Caprylyl Glycol, Citric Acid, Hydroxyacetophenone, Maltodextrin, Pentaerythrityl Tetra-Di-T-Butyl Hydroxyhydrocinnamate, Pentylene Glycol, Silica Silylate, Sodium Polyacrylate, Terephthalylidene Dicamphor Sulfonic Acid, Triethanolamine, Trisodium Ethylenediamine Disuccinate, Zinc Pca"," Rp 376,000.00 ",50,Gel,50," Rp 7,520.00 ",https://shopee.co.id/La-Roche-Posay-Anthelios-UVMune-400-Gel-Cream-SPF50-PA-50ml-Sunscreen-Kulit-Jerawat-Berminyak-i.433144176.9751393958?sp_atk=a1fbc9c5-6d74-4cc7-801b-bd8bca1dd746&xptdk=a1fbc9c5-6d74-4cc7-801b-bd8bca1dd746,50 ML,,,,,,,,,,,,
39,LA ROCHE POSAY,La Roche Posay Anthelios UVMune 400 Invisible Fluid SPF50+ PA++++,Sunscreen,acne,"Aqua/​Water/​Eau, Alcohol Denat, Triethyl Citrate, Diisopropyl Sebacate, Silica, Ethylhexyl Salicylate, Bis-Ethylhexyloxyphenol Methoxyphenyl Triazine, Ethylhexyl Triazone, Butyl Methoxydibenzoylmethane, Glycerin, Propanediol, C12-22 Alkyl Acrylate/​Hydroxyethylacrylate Copolymer, Methoxypropylamino Cyclohexenylidene Ethoxyethylcyanoacetate, Perlite, Tocopherol, Caprylic/​Capric Triglyceride, Acrylates/​C10-30 Alkyl Acrylate Crosspolymer, Caprylyl Glycol, Diethylamino Hydroxybenzoyl Hexyl Benzoate, Drometrizole Trisiloxane, Hydroxyethylcellulose, Terephthalylidene Dicamphor Sulfonic Acid, Triethanolamine, Trisodium Ethylenediamine Disuccinate, Parfum/​Fragrance"," Rp 224,500.00 ",50,Gel,15," Rp 14,966.67 ",https://shopee.co.id/La-Roche-Posay-Anthelios-UVMune-400-Invisible-Fluid-SPF50-PA-15ml-Sunscreen-Kulit-Normal-Sensitif-i.433144176.8451394301?sp_atk=b4b7ce8e-dc51-486c-8cd7-a9c3ebd4a383&xptdk=b4b7ce8e-dc51-486c-8cd7-a9c3ebd4a383,15 ML,,,,,,,,,,,,
40,HANASUI,Hanasui Collagen Water Sunscreen SPF 50,Sunscreen,normal,"Aqua, Diethylamino Hydroxybenzoyl Hexyl Benzoate, Ethylhexyl Methoxycinnamate, Neopentyl Glycol Diheptanoate, Bis-Ethylhexyloxyphenol Methoxyphenyl Triazine, Butyloctyl Salicylate, Tris-Biphenyl Triazine, Ethylhexyl Triazone, Polyester-7, Butylene Glycol, Dimethicone, Glycerin, Ethanol, Sodium Polyacrylate, Hydrogenated Polydecene, Phenoxyethanol, Decyl Glucoside, 1,2-Hexanediol, Trideceth-6, Lactobacillus/​Collagen Ferment Filtrate (Collagen Water), Tocopheryl Acetate, Biosaccharide Gum-4, Fragrance, Disodium Phosphate, Xanthan Gum, Sodium Hyaluronate, Artemisia Vulgaris Extract, Sodium Hydroxide",,,,,,,,,,,,,,,,,,,
41,,,,,,,,,,,,,,,,,,,,,,,,
42,,,,,,,,,,,,,,,,,,,,,,,,
43,,,,,,,,,,,,,,,,,,,,,,,,
44,,,,,,,,,,,,,,,,,,,,,,,,
45,,,,,,,,,,,,,,,,,,,,,,,,
46,,,,,,,,,,,,,,,,,,,,,,,,
47,,,,,,,,,,,,,,,,,,,,,,,,
48,,,,,,,,,,,,,,,,,,,,,,,,
49,,,,,,,,,,,,,,,,,,,,,,,,
50,,,,,,,,,,,,,,,,,,,,,,,,